Copyright 1986-2020 Xilinx, Inc. All Rights Reserved.
-----------------------------------------------------------------------------------------------------------------------------------------------------------------------------------------------------
| Tool Version : Vivado v.2020.1 (win64) Build 2902540 Wed May 27 19:54:49 MDT 2020
| Date         : Thu Feb 19 12:42:28 2026
| Host         : HU-DOPX-ML26 running 64-bit major release  (build 9200)
| Command      : report_timing_summary -max_paths 10 -file top_system_timing_summary_routed.rpt -pb top_system_timing_summary_routed.pb -rpx top_system_timing_summary_routed.rpx -warn_on_violation
| Design       : top_system
| Device       : 7a35t-cpg236
| Speed File   : -1  PRODUCTION 1.23 2018-06-13
-----------------------------------------------------------------------------------------------------------------------------------------------------------------------------------------------------

Timing Summary Report

------------------------------------------------------------------------------------------------
| Timer Settings
| --------------
------------------------------------------------------------------------------------------------

  Enable Multi Corner Analysis               :  Yes
  Enable Pessimism Removal                   :  Yes
  Pessimism Removal Resolution               :  Nearest Common Node
  Enable Input Delay Default Clock           :  No
  Enable Preset / Clear Arcs                 :  No
  Disable Flight Delays                      :  No
  Ignore I/O Paths                           :  No
  Timing Early Launch at Borrowing Latches   :  No
  Borrow Time for Max Delay Exceptions       :  Yes
  Merge Timing Exceptions                    :  Yes

  Corner  Analyze    Analyze    
  Name    Max Paths  Min Paths  
  ------  ---------  ---------  
  Slow    Yes        Yes        
  Fast    Yes        Yes        



check_timing report

Table of Contents
-----------------
1. checking no_clock (0)
2. checking constant_clock (0)
3. checking pulse_width_clock (0)
4. checking unconstrained_internal_endpoints (0)
5. checking no_input_delay (17)
6. checking no_output_delay (16)
7. checking multiple_clock (0)
8. checking generated_clocks (0)
9. checking loops (0)
10. checking partial_input_delay (0)
11. checking partial_output_delay (0)
12. checking latch_loops (0)

1. checking no_clock (0)
------------------------
 There are 0 register/latch pins with no clock.


2. checking constant_clock (0)
------------------------------
 There are 0 register/latch pins with constant_clock.


3. checking pulse_width_clock (0)
---------------------------------
 There are 0 register/latch pins which need pulse_width check


4. checking unconstrained_internal_endpoints (0)
------------------------------------------------
 There are 0 pins that are not constrained for maximum delay.

 There are 0 pins that are not constrained for maximum delay due to constant clock.


5. checking no_input_delay (17)
-------------------------------
 There are 17 input ports with no input delay specified. (HIGH)

 There are 0 input ports with no input delay but user has a false path constraint.


6. checking no_output_delay (16)
--------------------------------
 There are 16 ports with no output delay specified. (HIGH)

 There are 0 ports with no output delay but user has a false path constraint

 There are 0 ports with no output delay but with a timing clock defined on it or propagating through it


7. checking multiple_clock (0)
------------------------------
 There are 0 register/latch pins with multiple clocks.


8. checking generated_clocks (0)
--------------------------------
 There are 0 generated clocks that are not connected to a clock source.


9. checking loops (0)
---------------------
 There are 0 combinational loops in the design.


10. checking partial_input_delay (0)
------------------------------------
 There are 0 input ports with partial input delay specified.


11. checking partial_output_delay (0)
-------------------------------------
 There are 0 ports with partial output delay specified.


12. checking latch_loops (0)
----------------------------
 There are 0 combinational latch loops in the design through latch input



------------------------------------------------------------------------------------------------
| Design Timing Summary
| ---------------------
------------------------------------------------------------------------------------------------

    WNS(ns)      TNS(ns)  TNS Failing Endpoints  TNS Total Endpoints      WHS(ns)      THS(ns)  THS Failing Endpoints  THS Total Endpoints     WPWS(ns)     TPWS(ns)  TPWS Failing Endpoints  TPWS Total Endpoints  
    -------      -------  ---------------------  -------------------      -------      -------  ---------------------  -------------------     --------     --------  ----------------------  --------------------  
      5.730        0.000                      0                  154        0.175        0.000                      0                  154        4.500        0.000                       0                    72  


All user specified timing constraints are met.


------------------------------------------------------------------------------------------------
| Clock Summary
| -------------
------------------------------------------------------------------------------------------------

Clock        Waveform(ns)       Period(ns)      Frequency(MHz)
-----        ------------       ----------      --------------
sys_clk_pin  {0.000 5.000}      10.000          100.000         


------------------------------------------------------------------------------------------------
| Intra Clock Table
| -----------------
------------------------------------------------------------------------------------------------

Clock             WNS(ns)      TNS(ns)  TNS Failing Endpoints  TNS Total Endpoints      WHS(ns)      THS(ns)  THS Failing Endpoints  THS Total Endpoints     WPWS(ns)     TPWS(ns)  TPWS Failing Endpoints  TPWS Total Endpoints  
-----             -------      -------  ---------------------  -------------------      -------      -------  ---------------------  -------------------     --------     --------  ----------------------  --------------------  
sys_clk_pin         5.730        0.000                      0                  109        0.175        0.000                      0                  109        4.500        0.000                       0                    72  


------------------------------------------------------------------------------------------------
| Inter Clock Table
| -----------------
------------------------------------------------------------------------------------------------

From Clock    To Clock          WNS(ns)      TNS(ns)  TNS Failing Endpoints  TNS Total Endpoints      WHS(ns)      THS(ns)  THS Failing Endpoints  THS Total Endpoints  
----------    --------          -------      -------  ---------------------  -------------------      -------      -------  ---------------------  -------------------  


------------------------------------------------------------------------------------------------
| Other Path Groups Table
| -----------------------
------------------------------------------------------------------------------------------------

Path Group         From Clock         To Clock               WNS(ns)      TNS(ns)  TNS Failing Endpoints  TNS Total Endpoints      WHS(ns)      THS(ns)  THS Failing Endpoints  THS Total Endpoints  
----------         ----------         --------               -------      -------  ---------------------  -------------------      -------      -------  ---------------------  -------------------  
**async_default**  sys_clk_pin        sys_clk_pin              7.432        0.000                      0                   45        0.459        0.000                      0                   45  


------------------------------------------------------------------------------------------------
| Timing Details
| --------------
------------------------------------------------------------------------------------------------


---------------------------------------------------------------------------------------------------
From Clock:  sys_clk_pin
  To Clock:  sys_clk_pin

Setup :            0  Failing Endpoints,  Worst Slack        5.730ns,  Total Violation        0.000ns
Hold  :            0  Failing Endpoints,  Worst Slack        0.175ns,  Total Violation        0.000ns
PW    :            0  Failing Endpoints,  Worst Slack        4.500ns,  Total Violation        0.000ns
---------------------------------------------------------------------------------------------------


Max Delay Paths
--------------------------------------------------------------------------------------
Slack (MET) :             5.730ns  (required time - arrival time)
  Source:                 rst_db/count_reg[17]/C
                            (rising edge-triggered cell FDRE clocked by sys_clk_pin  {rise@0.000ns fall@5.000ns period=10.000ns})
  Destination:            rst_db/count_reg[0]/R
                            (rising edge-triggered cell FDRE clocked by sys_clk_pin  {rise@0.000ns fall@5.000ns period=10.000ns})
  Path Group:             sys_clk_pin
  Path Type:              Setup (Max at Slow Process Corner)
  Requirement:            10.000ns  (sys_clk_pin rise@10.000ns - sys_clk_pin rise@0.000ns)
  Data Path Delay:        3.777ns  (logic 0.828ns (21.925%)  route 2.949ns (78.075%))
  Logic Levels:           3  (LUT3=1 LUT6=2)
  Clock Path Skew:        -0.029ns (DCD - SCD + CPR)
    Destination Clock Delay (DCD):    4.841ns = ( 14.841 - 10.000 ) 
    Source Clock Delay      (SCD):    5.143ns
    Clock Pessimism Removal (CPR):    0.273ns
  Clock Uncertainty:      0.035ns  ((TSJ^2 + TIJ^2)^1/2 + DJ) / 2 + PE
    Total System Jitter     (TSJ):    0.071ns
    Total Input Jitter      (TIJ):    0.000ns
    Discrete Jitter          (DJ):    0.000ns
    Phase Error              (PE):    0.000ns

    Location             Delay type                Incr(ns)  Path(ns)    Netlist Resource(s)
  -------------------------------------------------------------------    -------------------
                         (clock sys_clk_pin rise edge)
                                                      0.000     0.000 r  
    W5                                                0.000     0.000 r  clk (IN)
                         net (fo=0)                   0.000     0.000    clk
    W5                   IBUF (Prop_ibuf_I_O)         1.458     1.458 r  clk_IBUF_inst/O
                         net (fo=1, routed)           1.967     3.425    clk_IBUF
    BUFGCTRL_X0Y0        BUFG (Prop_bufg_I_O)         0.096     3.521 r  clk_IBUF_BUFG_inst/O
                         net (fo=71, routed)          1.622     5.143    rst_db/clk_IBUF_BUFG
    SLICE_X4Y29          FDRE                                         r  rst_db/count_reg[17]/C
  -------------------------------------------------------------------    -------------------
    SLICE_X4Y29          FDRE (Prop_fdre_C_Q)         0.456     5.599 r  rst_db/count_reg[17]/Q
                         net (fo=2, routed)           0.869     6.469    rst_db/count_reg[17]
    SLICE_X5Y28          LUT3 (Prop_lut3_I0_O)        0.124     6.593 r  rst_db/count[0]_i_5/O
                         net (fo=1, routed)           0.433     7.026    rst_db/count[0]_i_5_n_0
    SLICE_X5Y28          LUT6 (Prop_lut6_I0_O)        0.124     7.150 f  rst_db/count[0]_i_3/O
                         net (fo=2, routed)           0.842     7.992    rst_db/count[0]_i_3_n_0
    SLICE_X2Y28          LUT6 (Prop_lut6_I0_O)        0.124     8.116 r  rst_db/count[0]_i_1/O
                         net (fo=23, routed)          0.804     8.920    rst_db/count[0]_i_1_n_0
    SLICE_X4Y25          FDRE                                         r  rst_db/count_reg[0]/R
  -------------------------------------------------------------------    -------------------

                         (clock sys_clk_pin rise edge)
                                                     10.000    10.000 r  
    W5                                                0.000    10.000 r  clk (IN)
                         net (fo=0)                   0.000    10.000    clk
    W5                   IBUF (Prop_ibuf_I_O)         1.388    11.388 r  clk_IBUF_inst/O
                         net (fo=1, routed)           1.862    13.250    clk_IBUF
    BUFGCTRL_X0Y0        BUFG (Prop_bufg_I_O)         0.091    13.341 r  clk_IBUF_BUFG_inst/O
                         net (fo=71, routed)          1.500    14.841    rst_db/clk_IBUF_BUFG
    SLICE_X4Y25          FDRE                                         r  rst_db/count_reg[0]/C
                         clock pessimism              0.273    15.114    
                         clock uncertainty           -0.035    15.079    
    SLICE_X4Y25          FDRE (Setup_fdre_C_R)       -0.429    14.650    rst_db/count_reg[0]
  -------------------------------------------------------------------
                         required time                         14.650    
                         arrival time                          -8.920    
  -------------------------------------------------------------------
                         slack                                  5.730    

Slack (MET) :             5.730ns  (required time - arrival time)
  Source:                 rst_db/count_reg[17]/C
                            (rising edge-triggered cell FDRE clocked by sys_clk_pin  {rise@0.000ns fall@5.000ns period=10.000ns})
  Destination:            rst_db/count_reg[1]/R
                            (rising edge-triggered cell FDRE clocked by sys_clk_pin  {rise@0.000ns fall@5.000ns period=10.000ns})
  Path Group:             sys_clk_pin
  Path Type:              Setup (Max at Slow Process Corner)
  Requirement:            10.000ns  (sys_clk_pin rise@10.000ns - sys_clk_pin rise@0.000ns)
  Data Path Delay:        3.777ns  (logic 0.828ns (21.925%)  route 2.949ns (78.075%))
  Logic Levels:           3  (LUT3=1 LUT6=2)
  Clock Path Skew:        -0.029ns (DCD - SCD + CPR)
    Destination Clock Delay (DCD):    4.841ns = ( 14.841 - 10.000 ) 
    Source Clock Delay      (SCD):    5.143ns
    Clock Pessimism Removal (CPR):    0.273ns
  Clock Uncertainty:      0.035ns  ((TSJ^2 + TIJ^2)^1/2 + DJ) / 2 + PE
    Total System Jitter     (TSJ):    0.071ns
    Total Input Jitter      (TIJ):    0.000ns
    Discrete Jitter          (DJ):    0.000ns
    Phase Error              (PE):    0.000ns

    Location             Delay type                Incr(ns)  Path(ns)    Netlist Resource(s)
  -------------------------------------------------------------------    -------------------
                         (clock sys_clk_pin rise edge)
                                                      0.000     0.000 r  
    W5                                                0.000     0.000 r  clk (IN)
                         net (fo=0)                   0.000     0.000    clk
    W5                   IBUF (Prop_ibuf_I_O)         1.458     1.458 r  clk_IBUF_inst/O
                         net (fo=1, routed)           1.967     3.425    clk_IBUF
    BUFGCTRL_X0Y0        BUFG (Prop_bufg_I_O)         0.096     3.521 r  clk_IBUF_BUFG_inst/O
                         net (fo=71, routed)          1.622     5.143    rst_db/clk_IBUF_BUFG
    SLICE_X4Y29          FDRE                                         r  rst_db/count_reg[17]/C
  -------------------------------------------------------------------    -------------------
    SLICE_X4Y29          FDRE (Prop_fdre_C_Q)         0.456     5.599 r  rst_db/count_reg[17]/Q
                         net (fo=2, routed)           0.869     6.469    rst_db/count_reg[17]
    SLICE_X5Y28          LUT3 (Prop_lut3_I0_O)        0.124     6.593 r  rst_db/count[0]_i_5/O
                         net (fo=1, routed)           0.433     7.026    rst_db/count[0]_i_5_n_0
    SLICE_X5Y28          LUT6 (Prop_lut6_I0_O)        0.124     7.150 f  rst_db/count[0]_i_3/O
                         net (fo=2, routed)           0.842     7.992    rst_db/count[0]_i_3_n_0
    SLICE_X2Y28          LUT6 (Prop_lut6_I0_O)        0.124     8.116 r  rst_db/count[0]_i_1/O
                         net (fo=23, routed)          0.804     8.920    rst_db/count[0]_i_1_n_0
    SLICE_X4Y25          FDRE                                         r  rst_db/count_reg[1]/R
  -------------------------------------------------------------------    -------------------

                         (clock sys_clk_pin rise edge)
                                                     10.000    10.000 r  
    W5                                                0.000    10.000 r  clk (IN)
                         net (fo=0)                   0.000    10.000    clk
    W5                   IBUF (Prop_ibuf_I_O)         1.388    11.388 r  clk_IBUF_inst/O
                         net (fo=1, routed)           1.862    13.250    clk_IBUF
    BUFGCTRL_X0Y0        BUFG (Prop_bufg_I_O)         0.091    13.341 r  clk_IBUF_BUFG_inst/O
                         net (fo=71, routed)          1.500    14.841    rst_db/clk_IBUF_BUFG
    SLICE_X4Y25          FDRE                                         r  rst_db/count_reg[1]/C
                         clock pessimism              0.273    15.114    
                         clock uncertainty           -0.035    15.079    
    SLICE_X4Y25          FDRE (Setup_fdre_C_R)       -0.429    14.650    rst_db/count_reg[1]
  -------------------------------------------------------------------
                         required time                         14.650    
                         arrival time                          -8.920    
  -------------------------------------------------------------------
                         slack                                  5.730    

Slack (MET) :             5.730ns  (required time - arrival time)
  Source:                 rst_db/count_reg[17]/C
                            (rising edge-triggered cell FDRE clocked by sys_clk_pin  {rise@0.000ns fall@5.000ns period=10.000ns})
  Destination:            rst_db/count_reg[2]/R
                            (rising edge-triggered cell FDRE clocked by sys_clk_pin  {rise@0.000ns fall@5.000ns period=10.000ns})
  Path Group:             sys_clk_pin
  Path Type:              Setup (Max at Slow Process Corner)
  Requirement:            10.000ns  (sys_clk_pin rise@10.000ns - sys_clk_pin rise@0.000ns)
  Data Path Delay:        3.777ns  (logic 0.828ns (21.925%)  route 2.949ns (78.075%))
  Logic Levels:           3  (LUT3=1 LUT6=2)
  Clock Path Skew:        -0.029ns (DCD - SCD + CPR)
    Destination Clock Delay (DCD):    4.841ns = ( 14.841 - 10.000 ) 
    Source Clock Delay      (SCD):    5.143ns
    Clock Pessimism Removal (CPR):    0.273ns
  Clock Uncertainty:      0.035ns  ((TSJ^2 + TIJ^2)^1/2 + DJ) / 2 + PE
    Total System Jitter     (TSJ):    0.071ns
    Total Input Jitter      (TIJ):    0.000ns
    Discrete Jitter          (DJ):    0.000ns
    Phase Error              (PE):    0.000ns

    Location             Delay type                Incr(ns)  Path(ns)    Netlist Resource(s)
  -------------------------------------------------------------------    -------------------
                         (clock sys_clk_pin rise edge)
                                                      0.000     0.000 r  
    W5                                                0.000     0.000 r  clk (IN)
                         net (fo=0)                   0.000     0.000    clk
    W5                   IBUF (Prop_ibuf_I_O)         1.458     1.458 r  clk_IBUF_inst/O
                         net (fo=1, routed)           1.967     3.425    clk_IBUF
    BUFGCTRL_X0Y0        BUFG (Prop_bufg_I_O)         0.096     3.521 r  clk_IBUF_BUFG_inst/O
                         net (fo=71, routed)          1.622     5.143    rst_db/clk_IBUF_BUFG
    SLICE_X4Y29          FDRE                                         r  rst_db/count_reg[17]/C
  -------------------------------------------------------------------    -------------------
    SLICE_X4Y29          FDRE (Prop_fdre_C_Q)         0.456     5.599 r  rst_db/count_reg[17]/Q
                         net (fo=2, routed)           0.869     6.469    rst_db/count_reg[17]
    SLICE_X5Y28          LUT3 (Prop_lut3_I0_O)        0.124     6.593 r  rst_db/count[0]_i_5/O
                         net (fo=1, routed)           0.433     7.026    rst_db/count[0]_i_5_n_0
    SLICE_X5Y28          LUT6 (Prop_lut6_I0_O)        0.124     7.150 f  rst_db/count[0]_i_3/O
                         net (fo=2, routed)           0.842     7.992    rst_db/count[0]_i_3_n_0
    SLICE_X2Y28          LUT6 (Prop_lut6_I0_O)        0.124     8.116 r  rst_db/count[0]_i_1/O
                         net (fo=23, routed)          0.804     8.920    rst_db/count[0]_i_1_n_0
    SLICE_X4Y25          FDRE                                         r  rst_db/count_reg[2]/R
  -------------------------------------------------------------------    -------------------

                         (clock sys_clk_pin rise edge)
                                                     10.000    10.000 r  
    W5                                                0.000    10.000 r  clk (IN)
                         net (fo=0)                   0.000    10.000    clk
    W5                   IBUF (Prop_ibuf_I_O)         1.388    11.388 r  clk_IBUF_inst/O
                         net (fo=1, routed)           1.862    13.250    clk_IBUF
    BUFGCTRL_X0Y0        BUFG (Prop_bufg_I_O)         0.091    13.341 r  clk_IBUF_BUFG_inst/O
                         net (fo=71, routed)          1.500    14.841    rst_db/clk_IBUF_BUFG
    SLICE_X4Y25          FDRE                                         r  rst_db/count_reg[2]/C
                         clock pessimism              0.273    15.114    
                         clock uncertainty           -0.035    15.079    
    SLICE_X4Y25          FDRE (Setup_fdre_C_R)       -0.429    14.650    rst_db/count_reg[2]
  -------------------------------------------------------------------
                         required time                         14.650    
                         arrival time                          -8.920    
  -------------------------------------------------------------------
                         slack                                  5.730    

Slack (MET) :             5.730ns  (required time - arrival time)
  Source:                 rst_db/count_reg[17]/C
                            (rising edge-triggered cell FDRE clocked by sys_clk_pin  {rise@0.000ns fall@5.000ns period=10.000ns})
  Destination:            rst_db/count_reg[3]/R
                            (rising edge-triggered cell FDRE clocked by sys_clk_pin  {rise@0.000ns fall@5.000ns period=10.000ns})
  Path Group:             sys_clk_pin
  Path Type:              Setup (Max at Slow Process Corner)
  Requirement:            10.000ns  (sys_clk_pin rise@10.000ns - sys_clk_pin rise@0.000ns)
  Data Path Delay:        3.777ns  (logic 0.828ns (21.925%)  route 2.949ns (78.075%))
  Logic Levels:           3  (LUT3=1 LUT6=2)
  Clock Path Skew:        -0.029ns (DCD - SCD + CPR)
    Destination Clock Delay (DCD):    4.841ns = ( 14.841 - 10.000 ) 
    Source Clock Delay      (SCD):    5.143ns
    Clock Pessimism Removal (CPR):    0.273ns
  Clock Uncertainty:      0.035ns  ((TSJ^2 + TIJ^2)^1/2 + DJ) / 2 + PE
    Total System Jitter     (TSJ):    0.071ns
    Total Input Jitter      (TIJ):    0.000ns
    Discrete Jitter          (DJ):    0.000ns
    Phase Error              (PE):    0.000ns

    Location             Delay type                Incr(ns)  Path(ns)    Netlist Resource(s)
  -------------------------------------------------------------------    -------------------
                         (clock sys_clk_pin rise edge)
                                                      0.000     0.000 r  
    W5                                                0.000     0.000 r  clk (IN)
                         net (fo=0)                   0.000     0.000    clk
    W5                   IBUF (Prop_ibuf_I_O)         1.458     1.458 r  clk_IBUF_inst/O
                         net (fo=1, routed)           1.967     3.425    clk_IBUF
    BUFGCTRL_X0Y0        BUFG (Prop_bufg_I_O)         0.096     3.521 r  clk_IBUF_BUFG_inst/O
                         net (fo=71, routed)          1.622     5.143    rst_db/clk_IBUF_BUFG
    SLICE_X4Y29          FDRE                                         r  rst_db/count_reg[17]/C
  -------------------------------------------------------------------    -------------------
    SLICE_X4Y29          FDRE (Prop_fdre_C_Q)         0.456     5.599 r  rst_db/count_reg[17]/Q
                         net (fo=2, routed)           0.869     6.469    rst_db/count_reg[17]
    SLICE_X5Y28          LUT3 (Prop_lut3_I0_O)        0.124     6.593 r  rst_db/count[0]_i_5/O
                         net (fo=1, routed)           0.433     7.026    rst_db/count[0]_i_5_n_0
    SLICE_X5Y28          LUT6 (Prop_lut6_I0_O)        0.124     7.150 f  rst_db/count[0]_i_3/O
                         net (fo=2, routed)           0.842     7.992    rst_db/count[0]_i_3_n_0
    SLICE_X2Y28          LUT6 (Prop_lut6_I0_O)        0.124     8.116 r  rst_db/count[0]_i_1/O
                         net (fo=23, routed)          0.804     8.920    rst_db/count[0]_i_1_n_0
    SLICE_X4Y25          FDRE                                         r  rst_db/count_reg[3]/R
  -------------------------------------------------------------------    -------------------

                         (clock sys_clk_pin rise edge)
                                                     10.000    10.000 r  
    W5                                                0.000    10.000 r  clk (IN)
                         net (fo=0)                   0.000    10.000    clk
    W5                   IBUF (Prop_ibuf_I_O)         1.388    11.388 r  clk_IBUF_inst/O
                         net (fo=1, routed)           1.862    13.250    clk_IBUF
    BUFGCTRL_X0Y0        BUFG (Prop_bufg_I_O)         0.091    13.341 r  clk_IBUF_BUFG_inst/O
                         net (fo=71, routed)          1.500    14.841    rst_db/clk_IBUF_BUFG
    SLICE_X4Y25          FDRE                                         r  rst_db/count_reg[3]/C
                         clock pessimism              0.273    15.114    
                         clock uncertainty           -0.035    15.079    
    SLICE_X4Y25          FDRE (Setup_fdre_C_R)       -0.429    14.650    rst_db/count_reg[3]
  -------------------------------------------------------------------
                         required time                         14.650    
                         arrival time                          -8.920    
  -------------------------------------------------------------------
                         slack                                  5.730    

Slack (MET) :             5.873ns  (required time - arrival time)
  Source:                 rst_db/count_reg[17]/C
                            (rising edge-triggered cell FDRE clocked by sys_clk_pin  {rise@0.000ns fall@5.000ns period=10.000ns})
  Destination:            rst_db/count_reg[4]/R
                            (rising edge-triggered cell FDRE clocked by sys_clk_pin  {rise@0.000ns fall@5.000ns period=10.000ns})
  Path Group:             sys_clk_pin
  Path Type:              Setup (Max at Slow Process Corner)
  Requirement:            10.000ns  (sys_clk_pin rise@10.000ns - sys_clk_pin rise@0.000ns)
  Data Path Delay:        3.636ns  (logic 0.828ns (22.774%)  route 2.808ns (77.226%))
  Logic Levels:           3  (LUT3=1 LUT6=2)
  Clock Path Skew:        -0.027ns (DCD - SCD + CPR)
    Destination Clock Delay (DCD):    4.843ns = ( 14.843 - 10.000 ) 
    Source Clock Delay      (SCD):    5.143ns
    Clock Pessimism Removal (CPR):    0.273ns
  Clock Uncertainty:      0.035ns  ((TSJ^2 + TIJ^2)^1/2 + DJ) / 2 + PE
    Total System Jitter     (TSJ):    0.071ns
    Total Input Jitter      (TIJ):    0.000ns
    Discrete Jitter          (DJ):    0.000ns
    Phase Error              (PE):    0.000ns

    Location             Delay type                Incr(ns)  Path(ns)    Netlist Resource(s)
  -------------------------------------------------------------------    -------------------
                         (clock sys_clk_pin rise edge)
                                                      0.000     0.000 r  
    W5                                                0.000     0.000 r  clk (IN)
                         net (fo=0)                   0.000     0.000    clk
    W5                   IBUF (Prop_ibuf_I_O)         1.458     1.458 r  clk_IBUF_inst/O
                         net (fo=1, routed)           1.967     3.425    clk_IBUF
    BUFGCTRL_X0Y0        BUFG (Prop_bufg_I_O)         0.096     3.521 r  clk_IBUF_BUFG_inst/O
                         net (fo=71, routed)          1.622     5.143    rst_db/clk_IBUF_BUFG
    SLICE_X4Y29          FDRE                                         r  rst_db/count_reg[17]/C
  -------------------------------------------------------------------    -------------------
    SLICE_X4Y29          FDRE (Prop_fdre_C_Q)         0.456     5.599 r  rst_db/count_reg[17]/Q
                         net (fo=2, routed)           0.869     6.469    rst_db/count_reg[17]
    SLICE_X5Y28          LUT3 (Prop_lut3_I0_O)        0.124     6.593 r  rst_db/count[0]_i_5/O
                         net (fo=1, routed)           0.433     7.026    rst_db/count[0]_i_5_n_0
    SLICE_X5Y28          LUT6 (Prop_lut6_I0_O)        0.124     7.150 f  rst_db/count[0]_i_3/O
                         net (fo=2, routed)           0.842     7.992    rst_db/count[0]_i_3_n_0
    SLICE_X2Y28          LUT6 (Prop_lut6_I0_O)        0.124     8.116 r  rst_db/count[0]_i_1/O
                         net (fo=23, routed)          0.663     8.779    rst_db/count[0]_i_1_n_0
    SLICE_X4Y26          FDRE                                         r  rst_db/count_reg[4]/R
  -------------------------------------------------------------------    -------------------

                         (clock sys_clk_pin rise edge)
                                                     10.000    10.000 r  
    W5                                                0.000    10.000 r  clk (IN)
                         net (fo=0)                   0.000    10.000    clk
    W5                   IBUF (Prop_ibuf_I_O)         1.388    11.388 r  clk_IBUF_inst/O
                         net (fo=1, routed)           1.862    13.250    clk_IBUF
    BUFGCTRL_X0Y0        BUFG (Prop_bufg_I_O)         0.091    13.341 r  clk_IBUF_BUFG_inst/O
                         net (fo=71, routed)          1.502    14.843    rst_db/clk_IBUF_BUFG
    SLICE_X4Y26          FDRE                                         r  rst_db/count_reg[4]/C
                         clock pessimism              0.273    15.116    
                         clock uncertainty           -0.035    15.081    
    SLICE_X4Y26          FDRE (Setup_fdre_C_R)       -0.429    14.652    rst_db/count_reg[4]
  -------------------------------------------------------------------
                         required time                         14.652    
                         arrival time                          -8.779    
  -------------------------------------------------------------------
                         slack                                  5.873    

Slack (MET) :             5.873ns  (required time - arrival time)
  Source:                 rst_db/count_reg[17]/C
                            (rising edge-triggered cell FDRE clocked by sys_clk_pin  {rise@0.000ns fall@5.000ns period=10.000ns})
  Destination:            rst_db/count_reg[5]/R
                            (rising edge-triggered cell FDRE clocked by sys_clk_pin  {rise@0.000ns fall@5.000ns period=10.000ns})
  Path Group:             sys_clk_pin
  Path Type:              Setup (Max at Slow Process Corner)
  Requirement:            10.000ns  (sys_clk_pin rise@10.000ns - sys_clk_pin rise@0.000ns)
  Data Path Delay:        3.636ns  (logic 0.828ns (22.774%)  route 2.808ns (77.226%))
  Logic Levels:           3  (LUT3=1 LUT6=2)
  Clock Path Skew:        -0.027ns (DCD - SCD + CPR)
    Destination Clock Delay (DCD):    4.843ns = ( 14.843 - 10.000 ) 
    Source Clock Delay      (SCD):    5.143ns
    Clock Pessimism Removal (CPR):    0.273ns
  Clock Uncertainty:      0.035ns  ((TSJ^2 + TIJ^2)^1/2 + DJ) / 2 + PE
    Total System Jitter     (TSJ):    0.071ns
    Total Input Jitter      (TIJ):    0.000ns
    Discrete Jitter          (DJ):    0.000ns
    Phase Error              (PE):    0.000ns

    Location             Delay type                Incr(ns)  Path(ns)    Netlist Resource(s)
  -------------------------------------------------------------------    -------------------
                         (clock sys_clk_pin rise edge)
                                                      0.000     0.000 r  
    W5                                                0.000     0.000 r  clk (IN)
                         net (fo=0)                   0.000     0.000    clk
    W5                   IBUF (Prop_ibuf_I_O)         1.458     1.458 r  clk_IBUF_inst/O
                         net (fo=1, routed)           1.967     3.425    clk_IBUF
    BUFGCTRL_X0Y0        BUFG (Prop_bufg_I_O)         0.096     3.521 r  clk_IBUF_BUFG_inst/O
                         net (fo=71, routed)          1.622     5.143    rst_db/clk_IBUF_BUFG
    SLICE_X4Y29          FDRE                                         r  rst_db/count_reg[17]/C
  -------------------------------------------------------------------    -------------------
    SLICE_X4Y29          FDRE (Prop_fdre_C_Q)         0.456     5.599 r  rst_db/count_reg[17]/Q
                         net (fo=2, routed)           0.869     6.469    rst_db/count_reg[17]
    SLICE_X5Y28          LUT3 (Prop_lut3_I0_O)        0.124     6.593 r  rst_db/count[0]_i_5/O
                         net (fo=1, routed)           0.433     7.026    rst_db/count[0]_i_5_n_0
    SLICE_X5Y28          LUT6 (Prop_lut6_I0_O)        0.124     7.150 f  rst_db/count[0]_i_3/O
                         net (fo=2, routed)           0.842     7.992    rst_db/count[0]_i_3_n_0
    SLICE_X2Y28          LUT6 (Prop_lut6_I0_O)        0.124     8.116 r  rst_db/count[0]_i_1/O
                         net (fo=23, routed)          0.663     8.779    rst_db/count[0]_i_1_n_0
    SLICE_X4Y26          FDRE                                         r  rst_db/count_reg[5]/R
  -------------------------------------------------------------------    -------------------

                         (clock sys_clk_pin rise edge)
                                                     10.000    10.000 r  
    W5                                                0.000    10.000 r  clk (IN)
                         net (fo=0)                   0.000    10.000    clk
    W5                   IBUF (Prop_ibuf_I_O)         1.388    11.388 r  clk_IBUF_inst/O
                         net (fo=1, routed)           1.862    13.250    clk_IBUF
    BUFGCTRL_X0Y0        BUFG (Prop_bufg_I_O)         0.091    13.341 r  clk_IBUF_BUFG_inst/O
                         net (fo=71, routed)          1.502    14.843    rst_db/clk_IBUF_BUFG
    SLICE_X4Y26          FDRE                                         r  rst_db/count_reg[5]/C
                         clock pessimism              0.273    15.116    
                         clock uncertainty           -0.035    15.081    
    SLICE_X4Y26          FDRE (Setup_fdre_C_R)       -0.429    14.652    rst_db/count_reg[5]
  -------------------------------------------------------------------
                         required time                         14.652    
                         arrival time                          -8.779    
  -------------------------------------------------------------------
                         slack                                  5.873    

Slack (MET) :             5.873ns  (required time - arrival time)
  Source:                 rst_db/count_reg[17]/C
                            (rising edge-triggered cell FDRE clocked by sys_clk_pin  {rise@0.000ns fall@5.000ns period=10.000ns})
  Destination:            rst_db/count_reg[6]/R
                            (rising edge-triggered cell FDRE clocked by sys_clk_pin  {rise@0.000ns fall@5.000ns period=10.000ns})
  Path Group:             sys_clk_pin
  Path Type:              Setup (Max at Slow Process Corner)
  Requirement:            10.000ns  (sys_clk_pin rise@10.000ns - sys_clk_pin rise@0.000ns)
  Data Path Delay:        3.636ns  (logic 0.828ns (22.774%)  route 2.808ns (77.226%))
  Logic Levels:           3  (LUT3=1 LUT6=2)
  Clock Path Skew:        -0.027ns (DCD - SCD + CPR)
    Destination Clock Delay (DCD):    4.843ns = ( 14.843 - 10.000 ) 
    Source Clock Delay      (SCD):    5.143ns
    Clock Pessimism Removal (CPR):    0.273ns
  Clock Uncertainty:      0.035ns  ((TSJ^2 + TIJ^2)^1/2 + DJ) / 2 + PE
    Total System Jitter     (TSJ):    0.071ns
    Total Input Jitter      (TIJ):    0.000ns
    Discrete Jitter          (DJ):    0.000ns
    Phase Error              (PE):    0.000ns

    Location             Delay type                Incr(ns)  Path(ns)    Netlist Resource(s)
  -------------------------------------------------------------------    -------------------
                         (clock sys_clk_pin rise edge)
                                                      0.000     0.000 r  
    W5                                                0.000     0.000 r  clk (IN)
                         net (fo=0)                   0.000     0.000    clk
    W5                   IBUF (Prop_ibuf_I_O)         1.458     1.458 r  clk_IBUF_inst/O
                         net (fo=1, routed)           1.967     3.425    clk_IBUF
    BUFGCTRL_X0Y0        BUFG (Prop_bufg_I_O)         0.096     3.521 r  clk_IBUF_BUFG_inst/O
                         net (fo=71, routed)          1.622     5.143    rst_db/clk_IBUF_BUFG
    SLICE_X4Y29          FDRE                                         r  rst_db/count_reg[17]/C
  -------------------------------------------------------------------    -------------------
    SLICE_X4Y29          FDRE (Prop_fdre_C_Q)         0.456     5.599 r  rst_db/count_reg[17]/Q
                         net (fo=2, routed)           0.869     6.469    rst_db/count_reg[17]
    SLICE_X5Y28          LUT3 (Prop_lut3_I0_O)        0.124     6.593 r  rst_db/count[0]_i_5/O
                         net (fo=1, routed)           0.433     7.026    rst_db/count[0]_i_5_n_0
    SLICE_X5Y28          LUT6 (Prop_lut6_I0_O)        0.124     7.150 f  rst_db/count[0]_i_3/O
                         net (fo=2, routed)           0.842     7.992    rst_db/count[0]_i_3_n_0
    SLICE_X2Y28          LUT6 (Prop_lut6_I0_O)        0.124     8.116 r  rst_db/count[0]_i_1/O
                         net (fo=23, routed)          0.663     8.779    rst_db/count[0]_i_1_n_0
    SLICE_X4Y26          FDRE                                         r  rst_db/count_reg[6]/R
  -------------------------------------------------------------------    -------------------

                         (clock sys_clk_pin rise edge)
                                                     10.000    10.000 r  
    W5                                                0.000    10.000 r  clk (IN)
                         net (fo=0)                   0.000    10.000    clk
    W5                   IBUF (Prop_ibuf_I_O)         1.388    11.388 r  clk_IBUF_inst/O
                         net (fo=1, routed)           1.862    13.250    clk_IBUF
    BUFGCTRL_X0Y0        BUFG (Prop_bufg_I_O)         0.091    13.341 r  clk_IBUF_BUFG_inst/O
                         net (fo=71, routed)          1.502    14.843    rst_db/clk_IBUF_BUFG
    SLICE_X4Y26          FDRE                                         r  rst_db/count_reg[6]/C
                         clock pessimism              0.273    15.116    
                         clock uncertainty           -0.035    15.081    
    SLICE_X4Y26          FDRE (Setup_fdre_C_R)       -0.429    14.652    rst_db/count_reg[6]
  -------------------------------------------------------------------
                         required time                         14.652    
                         arrival time                          -8.779    
  -------------------------------------------------------------------
                         slack                                  5.873    

Slack (MET) :             5.873ns  (required time - arrival time)
  Source:                 rst_db/count_reg[17]/C
                            (rising edge-triggered cell FDRE clocked by sys_clk_pin  {rise@0.000ns fall@5.000ns period=10.000ns})
  Destination:            rst_db/count_reg[7]/R
                            (rising edge-triggered cell FDRE clocked by sys_clk_pin  {rise@0.000ns fall@5.000ns period=10.000ns})
  Path Group:             sys_clk_pin
  Path Type:              Setup (Max at Slow Process Corner)
  Requirement:            10.000ns  (sys_clk_pin rise@10.000ns - sys_clk_pin rise@0.000ns)
  Data Path Delay:        3.636ns  (logic 0.828ns (22.774%)  route 2.808ns (77.226%))
  Logic Levels:           3  (LUT3=1 LUT6=2)
  Clock Path Skew:        -0.027ns (DCD - SCD + CPR)
    Destination Clock Delay (DCD):    4.843ns = ( 14.843 - 10.000 ) 
    Source Clock Delay      (SCD):    5.143ns
    Clock Pessimism Removal (CPR):    0.273ns
  Clock Uncertainty:      0.035ns  ((TSJ^2 + TIJ^2)^1/2 + DJ) / 2 + PE
    Total System Jitter     (TSJ):    0.071ns
    Total Input Jitter      (TIJ):    0.000ns
    Discrete Jitter          (DJ):    0.000ns
    Phase Error              (PE):    0.000ns

    Location             Delay type                Incr(ns)  Path(ns)    Netlist Resource(s)
  -------------------------------------------------------------------    -------------------
                         (clock sys_clk_pin rise edge)
                                                      0.000     0.000 r  
    W5                                                0.000     0.000 r  clk (IN)
                         net (fo=0)                   0.000     0.000    clk
    W5                   IBUF (Prop_ibuf_I_O)         1.458     1.458 r  clk_IBUF_inst/O
                         net (fo=1, routed)           1.967     3.425    clk_IBUF
    BUFGCTRL_X0Y0        BUFG (Prop_bufg_I_O)         0.096     3.521 r  clk_IBUF_BUFG_inst/O
                         net (fo=71, routed)          1.622     5.143    rst_db/clk_IBUF_BUFG
    SLICE_X4Y29          FDRE                                         r  rst_db/count_reg[17]/C
  -------------------------------------------------------------------    -------------------
    SLICE_X4Y29          FDRE (Prop_fdre_C_Q)         0.456     5.599 r  rst_db/count_reg[17]/Q
                         net (fo=2, routed)           0.869     6.469    rst_db/count_reg[17]
    SLICE_X5Y28          LUT3 (Prop_lut3_I0_O)        0.124     6.593 r  rst_db/count[0]_i_5/O
                         net (fo=1, routed)           0.433     7.026    rst_db/count[0]_i_5_n_0
    SLICE_X5Y28          LUT6 (Prop_lut6_I0_O)        0.124     7.150 f  rst_db/count[0]_i_3/O
                         net (fo=2, routed)           0.842     7.992    rst_db/count[0]_i_3_n_0
    SLICE_X2Y28          LUT6 (Prop_lut6_I0_O)        0.124     8.116 r  rst_db/count[0]_i_1/O
                         net (fo=23, routed)          0.663     8.779    rst_db/count[0]_i_1_n_0
    SLICE_X4Y26          FDRE                                         r  rst_db/count_reg[7]/R
  -------------------------------------------------------------------    -------------------

                         (clock sys_clk_pin rise edge)
                                                     10.000    10.000 r  
    W5                                                0.000    10.000 r  clk (IN)
                         net (fo=0)                   0.000    10.000    clk
    W5                   IBUF (Prop_ibuf_I_O)         1.388    11.388 r  clk_IBUF_inst/O
                         net (fo=1, routed)           1.862    13.250    clk_IBUF
    BUFGCTRL_X0Y0        BUFG (Prop_bufg_I_O)         0.091    13.341 r  clk_IBUF_BUFG_inst/O
                         net (fo=71, routed)          1.502    14.843    rst_db/clk_IBUF_BUFG
    SLICE_X4Y26          FDRE                                         r  rst_db/count_reg[7]/C
                         clock pessimism              0.273    15.116    
                         clock uncertainty           -0.035    15.081    
    SLICE_X4Y26          FDRE (Setup_fdre_C_R)       -0.429    14.652    rst_db/count_reg[7]
  -------------------------------------------------------------------
                         required time                         14.652    
                         arrival time                          -8.779    
  -------------------------------------------------------------------
                         slack                                  5.873    

Slack (MET) :             5.881ns  (required time - arrival time)
  Source:                 rst_db/count_reg[17]/C
                            (rising edge-triggered cell FDRE clocked by sys_clk_pin  {rise@0.000ns fall@5.000ns period=10.000ns})
  Destination:            rst_db/count_reg[20]/R
                            (rising edge-triggered cell FDRE clocked by sys_clk_pin  {rise@0.000ns fall@5.000ns period=10.000ns})
  Path Group:             sys_clk_pin
  Path Type:              Setup (Max at Slow Process Corner)
  Requirement:            10.000ns  (sys_clk_pin rise@10.000ns - sys_clk_pin rise@0.000ns)
  Data Path Delay:        3.632ns  (logic 0.828ns (22.799%)  route 2.804ns (77.201%))
  Logic Levels:           3  (LUT3=1 LUT6=2)
  Clock Path Skew:        -0.023ns (DCD - SCD + CPR)
    Destination Clock Delay (DCD):    4.847ns = ( 14.847 - 10.000 ) 
    Source Clock Delay      (SCD):    5.143ns
    Clock Pessimism Removal (CPR):    0.273ns
  Clock Uncertainty:      0.035ns  ((TSJ^2 + TIJ^2)^1/2 + DJ) / 2 + PE
    Total System Jitter     (TSJ):    0.071ns
    Total Input Jitter      (TIJ):    0.000ns
    Discrete Jitter          (DJ):    0.000ns
    Phase Error              (PE):    0.000ns

    Location             Delay type                Incr(ns)  Path(ns)    Netlist Resource(s)
  -------------------------------------------------------------------    -------------------
                         (clock sys_clk_pin rise edge)
                                                      0.000     0.000 r  
    W5                                                0.000     0.000 r  clk (IN)
                         net (fo=0)                   0.000     0.000    clk
    W5                   IBUF (Prop_ibuf_I_O)         1.458     1.458 r  clk_IBUF_inst/O
                         net (fo=1, routed)           1.967     3.425    clk_IBUF
    BUFGCTRL_X0Y0        BUFG (Prop_bufg_I_O)         0.096     3.521 r  clk_IBUF_BUFG_inst/O
                         net (fo=71, routed)          1.622     5.143    rst_db/clk_IBUF_BUFG
    SLICE_X4Y29          FDRE                                         r  rst_db/count_reg[17]/C
  -------------------------------------------------------------------    -------------------
    SLICE_X4Y29          FDRE (Prop_fdre_C_Q)         0.456     5.599 r  rst_db/count_reg[17]/Q
                         net (fo=2, routed)           0.869     6.469    rst_db/count_reg[17]
    SLICE_X5Y28          LUT3 (Prop_lut3_I0_O)        0.124     6.593 r  rst_db/count[0]_i_5/O
                         net (fo=1, routed)           0.433     7.026    rst_db/count[0]_i_5_n_0
    SLICE_X5Y28          LUT6 (Prop_lut6_I0_O)        0.124     7.150 f  rst_db/count[0]_i_3/O
                         net (fo=2, routed)           0.842     7.992    rst_db/count[0]_i_3_n_0
    SLICE_X2Y28          LUT6 (Prop_lut6_I0_O)        0.124     8.116 r  rst_db/count[0]_i_1/O
                         net (fo=23, routed)          0.659     8.775    rst_db/count[0]_i_1_n_0
    SLICE_X4Y30          FDRE                                         r  rst_db/count_reg[20]/R
  -------------------------------------------------------------------    -------------------

                         (clock sys_clk_pin rise edge)
                                                     10.000    10.000 r  
    W5                                                0.000    10.000 r  clk (IN)
                         net (fo=0)                   0.000    10.000    clk
    W5                   IBUF (Prop_ibuf_I_O)         1.388    11.388 r  clk_IBUF_inst/O
                         net (fo=1, routed)           1.862    13.250    clk_IBUF
    BUFGCTRL_X0Y0        BUFG (Prop_bufg_I_O)         0.091    13.341 r  clk_IBUF_BUFG_inst/O
                         net (fo=71, routed)          1.506    14.847    rst_db/clk_IBUF_BUFG
    SLICE_X4Y30          FDRE                                         r  rst_db/count_reg[20]/C
                         clock pessimism              0.273    15.120    
                         clock uncertainty           -0.035    15.085    
    SLICE_X4Y30          FDRE (Setup_fdre_C_R)       -0.429    14.656    rst_db/count_reg[20]
  -------------------------------------------------------------------
                         required time                         14.656    
                         arrival time                          -8.775    
  -------------------------------------------------------------------
                         slack                                  5.881    

Slack (MET) :             5.881ns  (required time - arrival time)
  Source:                 rst_db/count_reg[17]/C
                            (rising edge-triggered cell FDRE clocked by sys_clk_pin  {rise@0.000ns fall@5.000ns period=10.000ns})
  Destination:            rst_db/count_reg[21]/R
                            (rising edge-triggered cell FDRE clocked by sys_clk_pin  {rise@0.000ns fall@5.000ns period=10.000ns})
  Path Group:             sys_clk_pin
  Path Type:              Setup (Max at Slow Process Corner)
  Requirement:            10.000ns  (sys_clk_pin rise@10.000ns - sys_clk_pin rise@0.000ns)
  Data Path Delay:        3.632ns  (logic 0.828ns (22.799%)  route 2.804ns (77.201%))
  Logic Levels:           3  (LUT3=1 LUT6=2)
  Clock Path Skew:        -0.023ns (DCD - SCD + CPR)
    Destination Clock Delay (DCD):    4.847ns = ( 14.847 - 10.000 ) 
    Source Clock Delay      (SCD):    5.143ns
    Clock Pessimism Removal (CPR):    0.273ns
  Clock Uncertainty:      0.035ns  ((TSJ^2 + TIJ^2)^1/2 + DJ) / 2 + PE
    Total System Jitter     (TSJ):    0.071ns
    Total Input Jitter      (TIJ):    0.000ns
    Discrete Jitter          (DJ):    0.000ns
    Phase Error              (PE):    0.000ns

    Location             Delay type                Incr(ns)  Path(ns)    Netlist Resource(s)
  -------------------------------------------------------------------    -------------------
                         (clock sys_clk_pin rise edge)
                                                      0.000     0.000 r  
    W5                                                0.000     0.000 r  clk (IN)
                         net (fo=0)                   0.000     0.000    clk
    W5                   IBUF (Prop_ibuf_I_O)         1.458     1.458 r  clk_IBUF_inst/O
                         net (fo=1, routed)           1.967     3.425    clk_IBUF
    BUFGCTRL_X0Y0        BUFG (Prop_bufg_I_O)         0.096     3.521 r  clk_IBUF_BUFG_inst/O
                         net (fo=71, routed)          1.622     5.143    rst_db/clk_IBUF_BUFG
    SLICE_X4Y29          FDRE                                         r  rst_db/count_reg[17]/C
  -------------------------------------------------------------------    -------------------
    SLICE_X4Y29          FDRE (Prop_fdre_C_Q)         0.456     5.599 r  rst_db/count_reg[17]/Q
                         net (fo=2, routed)           0.869     6.469    rst_db/count_reg[17]
    SLICE_X5Y28          LUT3 (Prop_lut3_I0_O)        0.124     6.593 r  rst_db/count[0]_i_5/O
                         net (fo=1, routed)           0.433     7.026    rst_db/count[0]_i_5_n_0
    SLICE_X5Y28          LUT6 (Prop_lut6_I0_O)        0.124     7.150 f  rst_db/count[0]_i_3/O
                         net (fo=2, routed)           0.842     7.992    rst_db/count[0]_i_3_n_0
    SLICE_X2Y28          LUT6 (Prop_lut6_I0_O)        0.124     8.116 r  rst_db/count[0]_i_1/O
                         net (fo=23, routed)          0.659     8.775    rst_db/count[0]_i_1_n_0
    SLICE_X4Y30          FDRE                                         r  rst_db/count_reg[21]/R
  -------------------------------------------------------------------    -------------------

                         (clock sys_clk_pin rise edge)
                                                     10.000    10.000 r  
    W5                                                0.000    10.000 r  clk (IN)
                         net (fo=0)                   0.000    10.000    clk
    W5                   IBUF (Prop_ibuf_I_O)         1.388    11.388 r  clk_IBUF_inst/O
                         net (fo=1, routed)           1.862    13.250    clk_IBUF
    BUFGCTRL_X0Y0        BUFG (Prop_bufg_I_O)         0.091    13.341 r  clk_IBUF_BUFG_inst/O
                         net (fo=71, routed)          1.506    14.847    rst_db/clk_IBUF_BUFG
    SLICE_X4Y30          FDRE                                         r  rst_db/count_reg[21]/C
                         clock pessimism              0.273    15.120    
                         clock uncertainty           -0.035    15.085    
    SLICE_X4Y30          FDRE (Setup_fdre_C_R)       -0.429    14.656    rst_db/count_reg[21]
  -------------------------------------------------------------------
                         required time                         14.656    
                         arrival time                          -8.775    
  -------------------------------------------------------------------
                         slack                                  5.881    





Min Delay Paths
--------------------------------------------------------------------------------------
Slack (MET) :             0.175ns  (arrival time - required time)
  Source:                 rst_db/sync_0_reg/C
                            (rising edge-triggered cell FDRE clocked by sys_clk_pin  {rise@0.000ns fall@5.000ns period=10.000ns})
  Destination:            rst_db/sync_1_reg/D
                            (rising edge-triggered cell FDRE clocked by sys_clk_pin  {rise@0.000ns fall@5.000ns period=10.000ns})
  Path Group:             sys_clk_pin
  Path Type:              Hold (Min at Fast Process Corner)
  Requirement:            0.000ns  (sys_clk_pin rise@0.000ns - sys_clk_pin rise@0.000ns)
  Data Path Delay:        0.261ns  (logic 0.141ns (54.060%)  route 0.120ns (45.940%))
  Logic Levels:           0  
  Clock Path Skew:        0.016ns (DCD - SCD - CPR)
    Destination Clock Delay (DCD):    1.980ns
    Source Clock Delay      (SCD):    1.465ns
    Clock Pessimism Removal (CPR):    0.499ns

    Location             Delay type                Incr(ns)  Path(ns)    Netlist Resource(s)
  -------------------------------------------------------------------    -------------------
                         (clock sys_clk_pin rise edge)
                                                      0.000     0.000 r  
    W5                                                0.000     0.000 r  clk (IN)
                         net (fo=0)                   0.000     0.000    clk
    W5                   IBUF (Prop_ibuf_I_O)         0.226     0.226 r  clk_IBUF_inst/O
                         net (fo=1, routed)           0.631     0.858    clk_IBUF
    BUFGCTRL_X0Y0        BUFG (Prop_bufg_I_O)         0.026     0.884 r  clk_IBUF_BUFG_inst/O
                         net (fo=71, routed)          0.582     1.465    rst_db/clk_IBUF_BUFG
    SLICE_X0Y25          FDRE                                         r  rst_db/sync_0_reg/C
  -------------------------------------------------------------------    -------------------
    SLICE_X0Y25          FDRE (Prop_fdre_C_Q)         0.141     1.606 r  rst_db/sync_0_reg/Q
                         net (fo=1, routed)           0.120     1.726    rst_db/sync_0
    SLICE_X1Y27          FDRE                                         r  rst_db/sync_1_reg/D
  -------------------------------------------------------------------    -------------------

                         (clock sys_clk_pin rise edge)
                                                      0.000     0.000 r  
    W5                                                0.000     0.000 r  clk (IN)
                         net (fo=0)                   0.000     0.000    clk
    W5                   IBUF (Prop_ibuf_I_O)         0.414     0.414 r  clk_IBUF_inst/O
                         net (fo=1, routed)           0.685     1.099    clk_IBUF
    BUFGCTRL_X0Y0        BUFG (Prop_bufg_I_O)         0.029     1.128 r  clk_IBUF_BUFG_inst/O
                         net (fo=71, routed)          0.853     1.980    rst_db/clk_IBUF_BUFG
    SLICE_X1Y27          FDRE                                         r  rst_db/sync_1_reg/C
                         clock pessimism             -0.499     1.481    
    SLICE_X1Y27          FDRE (Hold_fdre_C_D)         0.070     1.551    rst_db/sync_1_reg
  -------------------------------------------------------------------
                         required time                         -1.551    
                         arrival time                           1.726    
  -------------------------------------------------------------------
                         slack                                  0.175    

Slack (MET) :             0.192ns  (arrival time - required time)
  Source:                 rst_db/sync_1_reg/C
                            (rising edge-triggered cell FDRE clocked by sys_clk_pin  {rise@0.000ns fall@5.000ns period=10.000ns})
  Destination:            rst_db/pbout_reg/D
                            (rising edge-triggered cell FDRE clocked by sys_clk_pin  {rise@0.000ns fall@5.000ns period=10.000ns})
  Path Group:             sys_clk_pin
  Path Type:              Hold (Min at Fast Process Corner)
  Requirement:            0.000ns  (sys_clk_pin rise@0.000ns - sys_clk_pin rise@0.000ns)
  Data Path Delay:        0.326ns  (logic 0.186ns (57.120%)  route 0.140ns (42.880%))
  Logic Levels:           1  (LUT6=1)
  Clock Path Skew:        0.014ns (DCD - SCD - CPR)
    Destination Clock Delay (DCD):    1.981ns
    Source Clock Delay      (SCD):    1.468ns
    Clock Pessimism Removal (CPR):    0.499ns

    Location             Delay type                Incr(ns)  Path(ns)    Netlist Resource(s)
  -------------------------------------------------------------------    -------------------
                         (clock sys_clk_pin rise edge)
                                                      0.000     0.000 r  
    W5                                                0.000     0.000 r  clk (IN)
                         net (fo=0)                   0.000     0.000    clk
    W5                   IBUF (Prop_ibuf_I_O)         0.226     0.226 r  clk_IBUF_inst/O
                         net (fo=1, routed)           0.631     0.858    clk_IBUF
    BUFGCTRL_X0Y0        BUFG (Prop_bufg_I_O)         0.026     0.884 r  clk_IBUF_BUFG_inst/O
                         net (fo=71, routed)          0.585     1.468    rst_db/clk_IBUF_BUFG
    SLICE_X1Y27          FDRE                                         r  rst_db/sync_1_reg/C
  -------------------------------------------------------------------    -------------------
    SLICE_X1Y27          FDRE (Prop_fdre_C_Q)         0.141     1.609 r  rst_db/sync_1_reg/Q
                         net (fo=2, routed)           0.140     1.749    rst_db/sync_1
    SLICE_X2Y28          LUT6 (Prop_lut6_I5_O)        0.045     1.794 r  rst_db/pbout_i_1/O
                         net (fo=1, routed)           0.000     1.794    rst_db/pbout_i_1_n_0
    SLICE_X2Y28          FDRE                                         r  rst_db/pbout_reg/D
  -------------------------------------------------------------------    -------------------

                         (clock sys_clk_pin rise edge)
                                                      0.000     0.000 r  
    W5                                                0.000     0.000 r  clk (IN)
                         net (fo=0)                   0.000     0.000    clk
    W5                   IBUF (Prop_ibuf_I_O)         0.414     0.414 r  clk_IBUF_inst/O
                         net (fo=1, routed)           0.685     1.099    clk_IBUF
    BUFGCTRL_X0Y0        BUFG (Prop_bufg_I_O)         0.029     1.128 r  clk_IBUF_BUFG_inst/O
                         net (fo=71, routed)          0.854     1.981    rst_db/clk_IBUF_BUFG
    SLICE_X2Y28          FDRE                                         r  rst_db/pbout_reg/C
                         clock pessimism             -0.499     1.482    
    SLICE_X2Y28          FDRE (Hold_fdre_C_D)         0.120     1.602    rst_db/pbout_reg
  -------------------------------------------------------------------
                         required time                         -1.602    
                         arrival time                           1.794    
  -------------------------------------------------------------------
                         slack                                  0.192    

Slack (MET) :             0.250ns  (arrival time - required time)
  Source:                 clk_div_reg[0]/C
                            (rising edge-triggered cell FDCE clocked by sys_clk_pin  {rise@0.000ns fall@5.000ns period=10.000ns})
  Destination:            clk_div_reg[19]/D
                            (rising edge-triggered cell FDCE clocked by sys_clk_pin  {rise@0.000ns fall@5.000ns period=10.000ns})
  Path Group:             sys_clk_pin
  Path Type:              Hold (Min at Fast Process Corner)
  Requirement:            0.000ns  (sys_clk_pin rise@0.000ns - sys_clk_pin rise@0.000ns)
  Data Path Delay:        0.394ns  (logic 0.212ns (53.794%)  route 0.182ns (46.206%))
  Logic Levels:           1  (LUT3=1)
  Clock Path Skew:        0.013ns (DCD - SCD - CPR)
    Destination Clock Delay (DCD):    1.984ns
    Source Clock Delay      (SCD):    1.472ns
    Clock Pessimism Removal (CPR):    0.499ns

    Location             Delay type                Incr(ns)  Path(ns)    Netlist Resource(s)
  -------------------------------------------------------------------    -------------------
                         (clock sys_clk_pin rise edge)
                                                      0.000     0.000 r  
    W5                                                0.000     0.000 r  clk (IN)
                         net (fo=0)                   0.000     0.000    clk
    W5                   IBUF (Prop_ibuf_I_O)         0.226     0.226 r  clk_IBUF_inst/O
                         net (fo=1, routed)           0.631     0.858    clk_IBUF
    BUFGCTRL_X0Y0        BUFG (Prop_bufg_I_O)         0.026     0.884 r  clk_IBUF_BUFG_inst/O
                         net (fo=71, routed)          0.589     1.472    clk_IBUF_BUFG
    SLICE_X2Y32          FDCE                                         r  clk_div_reg[0]/C
  -------------------------------------------------------------------    -------------------
    SLICE_X2Y32          FDCE (Prop_fdce_C_Q)         0.164     1.636 r  clk_div_reg[0]/Q
                         net (fo=29, routed)          0.182     1.818    clk_div_reg_n_0_[0]
    SLICE_X2Y31          LUT3 (Prop_lut3_I0_O)        0.048     1.866 r  clk_div[19]_i_1/O
                         net (fo=1, routed)           0.000     1.866    clk_div[19]
    SLICE_X2Y31          FDCE                                         r  clk_div_reg[19]/D
  -------------------------------------------------------------------    -------------------

                         (clock sys_clk_pin rise edge)
                                                      0.000     0.000 r  
    W5                                                0.000     0.000 r  clk (IN)
                         net (fo=0)                   0.000     0.000    clk
    W5                   IBUF (Prop_ibuf_I_O)         0.414     0.414 r  clk_IBUF_inst/O
                         net (fo=1, routed)           0.685     1.099    clk_IBUF
    BUFGCTRL_X0Y0        BUFG (Prop_bufg_I_O)         0.029     1.128 r  clk_IBUF_BUFG_inst/O
                         net (fo=71, routed)          0.857     1.984    clk_IBUF_BUFG
    SLICE_X2Y31          FDCE                                         r  clk_div_reg[19]/C
                         clock pessimism             -0.499     1.485    
    SLICE_X2Y31          FDCE (Hold_fdce_C_D)         0.131     1.616    clk_div_reg[19]
  -------------------------------------------------------------------
                         required time                         -1.616    
                         arrival time                           1.866    
  -------------------------------------------------------------------
                         slack                                  0.250    

Slack (MET) :             0.254ns  (arrival time - required time)
  Source:                 clk_div_reg[0]/C
                            (rising edge-triggered cell FDCE clocked by sys_clk_pin  {rise@0.000ns fall@5.000ns period=10.000ns})
  Destination:            clk_div_reg[20]/D
                            (rising edge-triggered cell FDCE clocked by sys_clk_pin  {rise@0.000ns fall@5.000ns period=10.000ns})
  Path Group:             sys_clk_pin
  Path Type:              Hold (Min at Fast Process Corner)
  Requirement:            0.000ns  (sys_clk_pin rise@0.000ns - sys_clk_pin rise@0.000ns)
  Data Path Delay:        0.398ns  (logic 0.212ns (53.253%)  route 0.186ns (46.747%))
  Logic Levels:           1  (LUT3=1)
  Clock Path Skew:        0.013ns (DCD - SCD - CPR)
    Destination Clock Delay (DCD):    1.984ns
    Source Clock Delay      (SCD):    1.472ns
    Clock Pessimism Removal (CPR):    0.499ns

    Location             Delay type                Incr(ns)  Path(ns)    Netlist Resource(s)
  -------------------------------------------------------------------    -------------------
                         (clock sys_clk_pin rise edge)
                                                      0.000     0.000 r  
    W5                                                0.000     0.000 r  clk (IN)
                         net (fo=0)                   0.000     0.000    clk
    W5                   IBUF (Prop_ibuf_I_O)         0.226     0.226 r  clk_IBUF_inst/O
                         net (fo=1, routed)           0.631     0.858    clk_IBUF
    BUFGCTRL_X0Y0        BUFG (Prop_bufg_I_O)         0.026     0.884 r  clk_IBUF_BUFG_inst/O
                         net (fo=71, routed)          0.589     1.472    clk_IBUF_BUFG
    SLICE_X2Y32          FDCE                                         r  clk_div_reg[0]/C
  -------------------------------------------------------------------    -------------------
    SLICE_X2Y32          FDCE (Prop_fdce_C_Q)         0.164     1.636 r  clk_div_reg[0]/Q
                         net (fo=29, routed)          0.186     1.822    clk_div_reg_n_0_[0]
    SLICE_X2Y31          LUT3 (Prop_lut3_I0_O)        0.048     1.870 r  clk_div[20]_i_1/O
                         net (fo=1, routed)           0.000     1.870    clk_div[20]
    SLICE_X2Y31          FDCE                                         r  clk_div_reg[20]/D
  -------------------------------------------------------------------    -------------------

                         (clock sys_clk_pin rise edge)
                                                      0.000     0.000 r  
    W5                                                0.000     0.000 r  clk (IN)
                         net (fo=0)                   0.000     0.000    clk
    W5                   IBUF (Prop_ibuf_I_O)         0.414     0.414 r  clk_IBUF_inst/O
                         net (fo=1, routed)           0.685     1.099    clk_IBUF
    BUFGCTRL_X0Y0        BUFG (Prop_bufg_I_O)         0.029     1.128 r  clk_IBUF_BUFG_inst/O
                         net (fo=71, routed)          0.857     1.984    clk_IBUF_BUFG
    SLICE_X2Y31          FDCE                                         r  clk_div_reg[20]/C
                         clock pessimism             -0.499     1.485    
    SLICE_X2Y31          FDCE (Hold_fdce_C_D)         0.131     1.616    clk_div_reg[20]
  -------------------------------------------------------------------
                         required time                         -1.616    
                         arrival time                           1.870    
  -------------------------------------------------------------------
                         slack                                  0.254    

Slack (MET) :             0.258ns  (arrival time - required time)
  Source:                 clk_div_reg[0]/C
                            (rising edge-triggered cell FDCE clocked by sys_clk_pin  {rise@0.000ns fall@5.000ns period=10.000ns})
  Destination:            clk_div_reg[17]/D
                            (rising edge-triggered cell FDCE clocked by sys_clk_pin  {rise@0.000ns fall@5.000ns period=10.000ns})
  Path Group:             sys_clk_pin
  Path Type:              Hold (Min at Fast Process Corner)
  Requirement:            0.000ns  (sys_clk_pin rise@0.000ns - sys_clk_pin rise@0.000ns)
  Data Path Delay:        0.391ns  (logic 0.209ns (53.439%)  route 0.182ns (46.561%))
  Logic Levels:           1  (LUT3=1)
  Clock Path Skew:        0.013ns (DCD - SCD - CPR)
    Destination Clock Delay (DCD):    1.984ns
    Source Clock Delay      (SCD):    1.472ns
    Clock Pessimism Removal (CPR):    0.499ns

    Location             Delay type                Incr(ns)  Path(ns)    Netlist Resource(s)
  -------------------------------------------------------------------    -------------------
                         (clock sys_clk_pin rise edge)
                                                      0.000     0.000 r  
    W5                                                0.000     0.000 r  clk (IN)
                         net (fo=0)                   0.000     0.000    clk
    W5                   IBUF (Prop_ibuf_I_O)         0.226     0.226 r  clk_IBUF_inst/O
                         net (fo=1, routed)           0.631     0.858    clk_IBUF
    BUFGCTRL_X0Y0        BUFG (Prop_bufg_I_O)         0.026     0.884 r  clk_IBUF_BUFG_inst/O
                         net (fo=71, routed)          0.589     1.472    clk_IBUF_BUFG
    SLICE_X2Y32          FDCE                                         r  clk_div_reg[0]/C
  -------------------------------------------------------------------    -------------------
    SLICE_X2Y32          FDCE (Prop_fdce_C_Q)         0.164     1.636 r  clk_div_reg[0]/Q
                         net (fo=29, routed)          0.182     1.818    clk_div_reg_n_0_[0]
    SLICE_X2Y31          LUT3 (Prop_lut3_I0_O)        0.045     1.863 r  clk_div[17]_i_1/O
                         net (fo=1, routed)           0.000     1.863    clk_div[17]
    SLICE_X2Y31          FDCE                                         r  clk_div_reg[17]/D
  -------------------------------------------------------------------    -------------------

                         (clock sys_clk_pin rise edge)
                                                      0.000     0.000 r  
    W5                                                0.000     0.000 r  clk (IN)
                         net (fo=0)                   0.000     0.000    clk
    W5                   IBUF (Prop_ibuf_I_O)         0.414     0.414 r  clk_IBUF_inst/O
                         net (fo=1, routed)           0.685     1.099    clk_IBUF
    BUFGCTRL_X0Y0        BUFG (Prop_bufg_I_O)         0.029     1.128 r  clk_IBUF_BUFG_inst/O
                         net (fo=71, routed)          0.857     1.984    clk_IBUF_BUFG
    SLICE_X2Y31          FDCE                                         r  clk_div_reg[17]/C
                         clock pessimism             -0.499     1.485    
    SLICE_X2Y31          FDCE (Hold_fdce_C_D)         0.120     1.605    clk_div_reg[17]
  -------------------------------------------------------------------
                         required time                         -1.605    
                         arrival time                           1.863    
  -------------------------------------------------------------------
                         slack                                  0.258    

Slack (MET) :             0.261ns  (arrival time - required time)
  Source:                 clk_div_reg[0]/C
                            (rising edge-triggered cell FDCE clocked by sys_clk_pin  {rise@0.000ns fall@5.000ns period=10.000ns})
  Destination:            clk_div_reg[18]/D
                            (rising edge-triggered cell FDCE clocked by sys_clk_pin  {rise@0.000ns fall@5.000ns period=10.000ns})
  Path Group:             sys_clk_pin
  Path Type:              Hold (Min at Fast Process Corner)
  Requirement:            0.000ns  (sys_clk_pin rise@0.000ns - sys_clk_pin rise@0.000ns)
  Data Path Delay:        0.395ns  (logic 0.209ns (52.898%)  route 0.186ns (47.102%))
  Logic Levels:           1  (LUT3=1)
  Clock Path Skew:        0.013ns (DCD - SCD - CPR)
    Destination Clock Delay (DCD):    1.984ns
    Source Clock Delay      (SCD):    1.472ns
    Clock Pessimism Removal (CPR):    0.499ns

    Location             Delay type                Incr(ns)  Path(ns)    Netlist Resource(s)
  -------------------------------------------------------------------    -------------------
                         (clock sys_clk_pin rise edge)
                                                      0.000     0.000 r  
    W5                                                0.000     0.000 r  clk (IN)
                         net (fo=0)                   0.000     0.000    clk
    W5                   IBUF (Prop_ibuf_I_O)         0.226     0.226 r  clk_IBUF_inst/O
                         net (fo=1, routed)           0.631     0.858    clk_IBUF
    BUFGCTRL_X0Y0        BUFG (Prop_bufg_I_O)         0.026     0.884 r  clk_IBUF_BUFG_inst/O
                         net (fo=71, routed)          0.589     1.472    clk_IBUF_BUFG
    SLICE_X2Y32          FDCE                                         r  clk_div_reg[0]/C
  -------------------------------------------------------------------    -------------------
    SLICE_X2Y32          FDCE (Prop_fdce_C_Q)         0.164     1.636 r  clk_div_reg[0]/Q
                         net (fo=29, routed)          0.186     1.822    clk_div_reg_n_0_[0]
    SLICE_X2Y31          LUT3 (Prop_lut3_I0_O)        0.045     1.867 r  clk_div[18]_i_1/O
                         net (fo=1, routed)           0.000     1.867    clk_div[18]
    SLICE_X2Y31          FDCE                                         r  clk_div_reg[18]/D
  -------------------------------------------------------------------    -------------------

                         (clock sys_clk_pin rise edge)
                                                      0.000     0.000 r  
    W5                                                0.000     0.000 r  clk (IN)
                         net (fo=0)                   0.000     0.000    clk
    W5                   IBUF (Prop_ibuf_I_O)         0.414     0.414 r  clk_IBUF_inst/O
                         net (fo=1, routed)           0.685     1.099    clk_IBUF
    BUFGCTRL_X0Y0        BUFG (Prop_bufg_I_O)         0.029     1.128 r  clk_IBUF_BUFG_inst/O
                         net (fo=71, routed)          0.857     1.984    clk_IBUF_BUFG
    SLICE_X2Y31          FDCE                                         r  clk_div_reg[18]/C
                         clock pessimism             -0.499     1.485    
    SLICE_X2Y31          FDCE (Hold_fdce_C_D)         0.121     1.606    clk_div_reg[18]
  -------------------------------------------------------------------
                         required time                         -1.606    
                         arrival time                           1.867    
  -------------------------------------------------------------------
                         slack                                  0.261    

Slack (MET) :             0.275ns  (arrival time - required time)
  Source:                 timer_inst/state_reg/C
                            (rising edge-triggered cell FDCE clocked by sys_clk_pin  {rise@0.000ns fall@5.000ns period=10.000ns})
  Destination:            timer_inst/state_reg/D
                            (rising edge-triggered cell FDCE clocked by sys_clk_pin  {rise@0.000ns fall@5.000ns period=10.000ns})
  Path Group:             sys_clk_pin
  Path Type:              Hold (Min at Fast Process Corner)
  Requirement:            0.000ns  (sys_clk_pin rise@0.000ns - sys_clk_pin rise@0.000ns)
  Data Path Delay:        0.366ns  (logic 0.186ns (50.759%)  route 0.180ns (49.241%))
  Logic Levels:           1  (LUT4=1)
  Clock Path Skew:        0.000ns (DCD - SCD - CPR)
    Destination Clock Delay (DCD):    1.987ns
    Source Clock Delay      (SCD):    1.474ns
    Clock Pessimism Removal (CPR):    0.513ns

    Location             Delay type                Incr(ns)  Path(ns)    Netlist Resource(s)
  -------------------------------------------------------------------    -------------------
                         (clock sys_clk_pin rise edge)
                                                      0.000     0.000 r  
    W5                                                0.000     0.000 r  clk (IN)
                         net (fo=0)                   0.000     0.000    clk
    W5                   IBUF (Prop_ibuf_I_O)         0.226     0.226 r  clk_IBUF_inst/O
                         net (fo=1, routed)           0.631     0.858    clk_IBUF
    BUFGCTRL_X0Y0        BUFG (Prop_bufg_I_O)         0.026     0.884 r  clk_IBUF_BUFG_inst/O
                         net (fo=71, routed)          0.591     1.474    timer_inst/clk_IBUF_BUFG
    SLICE_X1Y34          FDCE                                         r  timer_inst/state_reg/C
  -------------------------------------------------------------------    -------------------
    SLICE_X1Y34          FDCE (Prop_fdce_C_Q)         0.141     1.615 r  timer_inst/state_reg/Q
                         net (fo=3, routed)           0.180     1.796    timer_inst/state
    SLICE_X1Y34          LUT4 (Prop_lut4_I2_O)        0.045     1.841 r  timer_inst/state_i_1/O
                         net (fo=1, routed)           0.000     1.841    timer_inst/state0
    SLICE_X1Y34          FDCE                                         r  timer_inst/state_reg/D
  -------------------------------------------------------------------    -------------------

                         (clock sys_clk_pin rise edge)
                                                      0.000     0.000 r  
    W5                                                0.000     0.000 r  clk (IN)
                         net (fo=0)                   0.000     0.000    clk
    W5                   IBUF (Prop_ibuf_I_O)         0.414     0.414 r  clk_IBUF_inst/O
                         net (fo=1, routed)           0.685     1.099    clk_IBUF
    BUFGCTRL_X0Y0        BUFG (Prop_bufg_I_O)         0.029     1.128 r  clk_IBUF_BUFG_inst/O
                         net (fo=71, routed)          0.860     1.987    timer_inst/clk_IBUF_BUFG
    SLICE_X1Y34          FDCE                                         r  timer_inst/state_reg/C
                         clock pessimism             -0.513     1.474    
    SLICE_X1Y34          FDCE (Hold_fdce_C_D)         0.091     1.565    timer_inst/state_reg
  -------------------------------------------------------------------
                         required time                         -1.565    
                         arrival time                           1.841    
  -------------------------------------------------------------------
                         slack                                  0.275    

Slack (MET) :             0.280ns  (arrival time - required time)
  Source:                 rst_db/count_reg[10]/C
                            (rising edge-triggered cell FDRE clocked by sys_clk_pin  {rise@0.000ns fall@5.000ns period=10.000ns})
  Destination:            rst_db/count_reg[10]/D
                            (rising edge-triggered cell FDRE clocked by sys_clk_pin  {rise@0.000ns fall@5.000ns period=10.000ns})
  Path Group:             sys_clk_pin
  Path Type:              Hold (Min at Fast Process Corner)
  Requirement:            0.000ns  (sys_clk_pin rise@0.000ns - sys_clk_pin rise@0.000ns)
  Data Path Delay:        0.385ns  (logic 0.252ns (65.529%)  route 0.133ns (34.471%))
  Logic Levels:           1  (CARRY4=1)
  Clock Path Skew:        0.000ns (DCD - SCD - CPR)
    Destination Clock Delay (DCD):    1.978ns
    Source Clock Delay      (SCD):    1.466ns
    Clock Pessimism Removal (CPR):    0.512ns

    Location             Delay type                Incr(ns)  Path(ns)    Netlist Resource(s)
  -------------------------------------------------------------------    -------------------
                         (clock sys_clk_pin rise edge)
                                                      0.000     0.000 r  
    W5                                                0.000     0.000 r  clk (IN)
                         net (fo=0)                   0.000     0.000    clk
    W5                   IBUF (Prop_ibuf_I_O)         0.226     0.226 r  clk_IBUF_inst/O
                         net (fo=1, routed)           0.631     0.858    clk_IBUF
    BUFGCTRL_X0Y0        BUFG (Prop_bufg_I_O)         0.026     0.884 r  clk_IBUF_BUFG_inst/O
                         net (fo=71, routed)          0.583     1.466    rst_db/clk_IBUF_BUFG
    SLICE_X4Y27          FDRE                                         r  rst_db/count_reg[10]/C
  -------------------------------------------------------------------    -------------------
    SLICE_X4Y27          FDRE (Prop_fdre_C_Q)         0.141     1.607 r  rst_db/count_reg[10]/Q
                         net (fo=2, routed)           0.133     1.740    rst_db/count_reg[10]
    SLICE_X4Y27          CARRY4 (Prop_carry4_S[2]_O[2])
                                                      0.111     1.851 r  rst_db/count_reg[8]_i_1/O[2]
                         net (fo=1, routed)           0.000     1.851    rst_db/count_reg[8]_i_1_n_5
    SLICE_X4Y27          FDRE                                         r  rst_db/count_reg[10]/D
  -------------------------------------------------------------------    -------------------

                         (clock sys_clk_pin rise edge)
                                                      0.000     0.000 r  
    W5                                                0.000     0.000 r  clk (IN)
                         net (fo=0)                   0.000     0.000    clk
    W5                   IBUF (Prop_ibuf_I_O)         0.414     0.414 r  clk_IBUF_inst/O
                         net (fo=1, routed)           0.685     1.099    clk_IBUF
    BUFGCTRL_X0Y0        BUFG (Prop_bufg_I_O)         0.029     1.128 r  clk_IBUF_BUFG_inst/O
                         net (fo=71, routed)          0.851     1.978    rst_db/clk_IBUF_BUFG
    SLICE_X4Y27          FDRE                                         r  rst_db/count_reg[10]/C
                         clock pessimism             -0.512     1.466    
    SLICE_X4Y27          FDRE (Hold_fdre_C_D)         0.105     1.571    rst_db/count_reg[10]
  -------------------------------------------------------------------
                         required time                         -1.571    
                         arrival time                           1.851    
  -------------------------------------------------------------------
                         slack                                  0.280    

Slack (MET) :             0.280ns  (arrival time - required time)
  Source:                 rst_db/count_reg[18]/C
                            (rising edge-triggered cell FDRE clocked by sys_clk_pin  {rise@0.000ns fall@5.000ns period=10.000ns})
  Destination:            rst_db/count_reg[18]/D
                            (rising edge-triggered cell FDRE clocked by sys_clk_pin  {rise@0.000ns fall@5.000ns period=10.000ns})
  Path Group:             sys_clk_pin
  Path Type:              Hold (Min at Fast Process Corner)
  Requirement:            0.000ns  (sys_clk_pin rise@0.000ns - sys_clk_pin rise@0.000ns)
  Data Path Delay:        0.385ns  (logic 0.252ns (65.529%)  route 0.133ns (34.471%))
  Logic Levels:           1  (CARRY4=1)
  Clock Path Skew:        0.000ns (DCD - SCD - CPR)
    Destination Clock Delay (DCD):    1.980ns
    Source Clock Delay      (SCD):    1.467ns
    Clock Pessimism Removal (CPR):    0.513ns

    Location             Delay type                Incr(ns)  Path(ns)    Netlist Resource(s)
  -------------------------------------------------------------------    -------------------
                         (clock sys_clk_pin rise edge)
                                                      0.000     0.000 r  
    W5                                                0.000     0.000 r  clk (IN)
                         net (fo=0)                   0.000     0.000    clk
    W5                   IBUF (Prop_ibuf_I_O)         0.226     0.226 r  clk_IBUF_inst/O
                         net (fo=1, routed)           0.631     0.858    clk_IBUF
    BUFGCTRL_X0Y0        BUFG (Prop_bufg_I_O)         0.026     0.884 r  clk_IBUF_BUFG_inst/O
                         net (fo=71, routed)          0.584     1.467    rst_db/clk_IBUF_BUFG
    SLICE_X4Y29          FDRE                                         r  rst_db/count_reg[18]/C
  -------------------------------------------------------------------    -------------------
    SLICE_X4Y29          FDRE (Prop_fdre_C_Q)         0.141     1.608 r  rst_db/count_reg[18]/Q
                         net (fo=2, routed)           0.133     1.741    rst_db/count_reg[18]
    SLICE_X4Y29          CARRY4 (Prop_carry4_S[2]_O[2])
                                                      0.111     1.852 r  rst_db/count_reg[16]_i_1/O[2]
                         net (fo=1, routed)           0.000     1.852    rst_db/count_reg[16]_i_1_n_5
    SLICE_X4Y29          FDRE                                         r  rst_db/count_reg[18]/D
  -------------------------------------------------------------------    -------------------

                         (clock sys_clk_pin rise edge)
                                                      0.000     0.000 r  
    W5                                                0.000     0.000 r  clk (IN)
                         net (fo=0)                   0.000     0.000    clk
    W5                   IBUF (Prop_ibuf_I_O)         0.414     0.414 r  clk_IBUF_inst/O
                         net (fo=1, routed)           0.685     1.099    clk_IBUF
    BUFGCTRL_X0Y0        BUFG (Prop_bufg_I_O)         0.029     1.128 r  clk_IBUF_BUFG_inst/O
                         net (fo=71, routed)          0.853     1.980    rst_db/clk_IBUF_BUFG
    SLICE_X4Y29          FDRE                                         r  rst_db/count_reg[18]/C
                         clock pessimism             -0.513     1.467    
    SLICE_X4Y29          FDRE (Hold_fdre_C_D)         0.105     1.572    rst_db/count_reg[18]
  -------------------------------------------------------------------
                         required time                         -1.572    
                         arrival time                           1.852    
  -------------------------------------------------------------------
                         slack                                  0.280    

Slack (MET) :             0.280ns  (arrival time - required time)
  Source:                 rst_db/count_reg[14]/C
                            (rising edge-triggered cell FDRE clocked by sys_clk_pin  {rise@0.000ns fall@5.000ns period=10.000ns})
  Destination:            rst_db/count_reg[14]/D
                            (rising edge-triggered cell FDRE clocked by sys_clk_pin  {rise@0.000ns fall@5.000ns period=10.000ns})
  Path Group:             sys_clk_pin
  Path Type:              Hold (Min at Fast Process Corner)
  Requirement:            0.000ns  (sys_clk_pin rise@0.000ns - sys_clk_pin rise@0.000ns)
  Data Path Delay:        0.385ns  (logic 0.252ns (65.465%)  route 0.133ns (34.535%))
  Logic Levels:           1  (CARRY4=1)
  Clock Path Skew:        0.000ns (DCD - SCD - CPR)
    Destination Clock Delay (DCD):    1.979ns
    Source Clock Delay      (SCD):    1.466ns
    Clock Pessimism Removal (CPR):    0.513ns

    Location             Delay type                Incr(ns)  Path(ns)    Netlist Resource(s)
  -------------------------------------------------------------------    -------------------
                         (clock sys_clk_pin rise edge)
                                                      0.000     0.000 r  
    W5                                                0.000     0.000 r  clk (IN)
                         net (fo=0)                   0.000     0.000    clk
    W5                   IBUF (Prop_ibuf_I_O)         0.226     0.226 r  clk_IBUF_inst/O
                         net (fo=1, routed)           0.631     0.858    clk_IBUF
    BUFGCTRL_X0Y0        BUFG (Prop_bufg_I_O)         0.026     0.884 r  clk_IBUF_BUFG_inst/O
                         net (fo=71, routed)          0.583     1.466    rst_db/clk_IBUF_BUFG
    SLICE_X4Y28          FDRE                                         r  rst_db/count_reg[14]/C
  -------------------------------------------------------------------    -------------------
    SLICE_X4Y28          FDRE (Prop_fdre_C_Q)         0.141     1.607 r  rst_db/count_reg[14]/Q
                         net (fo=2, routed)           0.133     1.740    rst_db/count_reg[14]
    SLICE_X4Y28          CARRY4 (Prop_carry4_S[2]_O[2])
                                                      0.111     1.851 r  rst_db/count_reg[12]_i_1/O[2]
                         net (fo=1, routed)           0.000     1.851    rst_db/count_reg[12]_i_1_n_5
    SLICE_X4Y28          FDRE                                         r  rst_db/count_reg[14]/D
  -------------------------------------------------------------------    -------------------

                         (clock sys_clk_pin rise edge)
                                                      0.000     0.000 r  
    W5                                                0.000     0.000 r  clk (IN)
                         net (fo=0)                   0.000     0.000    clk
    W5                   IBUF (Prop_ibuf_I_O)         0.414     0.414 r  clk_IBUF_inst/O
                         net (fo=1, routed)           0.685     1.099    clk_IBUF
    BUFGCTRL_X0Y0        BUFG (Prop_bufg_I_O)         0.029     1.128 r  clk_IBUF_BUFG_inst/O
                         net (fo=71, routed)          0.852     1.979    rst_db/clk_IBUF_BUFG
    SLICE_X4Y28          FDRE                                         r  rst_db/count_reg[14]/C
                         clock pessimism             -0.513     1.466    
    SLICE_X4Y28          FDRE (Hold_fdre_C_D)         0.105     1.571    rst_db/count_reg[14]
  -------------------------------------------------------------------
                         required time                         -1.571    
                         arrival time                           1.851    
  -------------------------------------------------------------------
                         slack                                  0.280    





Pulse Width Checks
--------------------------------------------------------------------------------------
Clock Name:         sys_clk_pin
Waveform(ns):       { 0.000 5.000 }
Period(ns):         10.000
Sources:            { clk }

Check Type        Corner  Lib Pin  Reference Pin  Required(ns)  Actual(ns)  Slack(ns)  Location       Pin
Min Period        n/a     BUFG/I   n/a            2.155         10.000      7.845      BUFGCTRL_X0Y0  clk_IBUF_BUFG_inst/I
Min Period        n/a     FDCE/C   n/a            1.000         10.000      9.000      SLICE_X2Y32    clk_div_reg[0]/C
Min Period        n/a     FDCE/C   n/a            1.000         10.000      9.000      SLICE_X2Y29    clk_div_reg[10]/C
Min Period        n/a     FDCE/C   n/a            1.000         10.000      9.000      SLICE_X2Y29    clk_div_reg[11]/C
Min Period        n/a     FDCE/C   n/a            1.000         10.000      9.000      SLICE_X2Y29    clk_div_reg[12]/C
Min Period        n/a     FDCE/C   n/a            1.000         10.000      9.000      SLICE_X2Y30    clk_div_reg[13]/C
Min Period        n/a     FDCE/C   n/a            1.000         10.000      9.000      SLICE_X2Y30    clk_div_reg[14]/C
Min Period        n/a     FDCE/C   n/a            1.000         10.000      9.000      SLICE_X2Y30    clk_div_reg[15]/C
Min Period        n/a     FDCE/C   n/a            1.000         10.000      9.000      SLICE_X2Y30    clk_div_reg[16]/C
Min Period        n/a     FDCE/C   n/a            1.000         10.000      9.000      SLICE_X2Y31    clk_div_reg[17]/C
Low Pulse Width   Slow    FDCE/C   n/a            0.500         5.000       4.500      SLICE_X2Y29    clk_div_reg[10]/C
Low Pulse Width   Slow    FDCE/C   n/a            0.500         5.000       4.500      SLICE_X2Y29    clk_div_reg[11]/C
Low Pulse Width   Slow    FDCE/C   n/a            0.500         5.000       4.500      SLICE_X2Y29    clk_div_reg[12]/C
Low Pulse Width   Slow    FDCE/C   n/a            0.500         5.000       4.500      SLICE_X2Y30    clk_div_reg[13]/C
Low Pulse Width   Slow    FDCE/C   n/a            0.500         5.000       4.500      SLICE_X2Y30    clk_div_reg[14]/C
Low Pulse Width   Slow    FDCE/C   n/a            0.500         5.000       4.500      SLICE_X2Y30    clk_div_reg[15]/C
Low Pulse Width   Slow    FDCE/C   n/a            0.500         5.000       4.500      SLICE_X2Y30    clk_div_reg[16]/C
Low Pulse Width   Slow    FDCE/C   n/a            0.500         5.000       4.500      SLICE_X2Y31    clk_div_reg[17]/C
Low Pulse Width   Slow    FDCE/C   n/a            0.500         5.000       4.500      SLICE_X2Y31    clk_div_reg[18]/C
Low Pulse Width   Slow    FDCE/C   n/a            0.500         5.000       4.500      SLICE_X2Y31    clk_div_reg[19]/C
High Pulse Width  Slow    FDCE/C   n/a            0.500         5.000       4.500      SLICE_X2Y32    clk_div_reg[0]/C
High Pulse Width  Slow    FDCE/C   n/a            0.500         5.000       4.500      SLICE_X2Y27    clk_div_reg[1]/C
High Pulse Width  Slow    FDCE/C   n/a            0.500         5.000       4.500      SLICE_X2Y32    clk_div_reg[21]/C
High Pulse Width  Slow    FDCE/C   n/a            0.500         5.000       4.500      SLICE_X2Y32    clk_div_reg[22]/C
High Pulse Width  Slow    FDCE/C   n/a            0.500         5.000       4.500      SLICE_X2Y32    clk_div_reg[23]/C
High Pulse Width  Slow    FDCE/C   n/a            0.500         5.000       4.500      SLICE_X2Y32    clk_div_reg[24]/C
High Pulse Width  Slow    FDCE/C   n/a            0.500         5.000       4.500      SLICE_X2Y32    clk_div_reg[25]/C
High Pulse Width  Slow    FDCE/C   n/a            0.500         5.000       4.500      SLICE_X2Y32    clk_div_reg[26]/C
High Pulse Width  Slow    FDCE/C   n/a            0.500         5.000       4.500      SLICE_X2Y27    clk_div_reg[2]/C
High Pulse Width  Slow    FDCE/C   n/a            0.500         5.000       4.500      SLICE_X2Y27    clk_div_reg[3]/C



---------------------------------------------------------------------------------------------------
Path Group:  **async_default**
From Clock:  sys_clk_pin
  To Clock:  sys_clk_pin

Setup :            0  Failing Endpoints,  Worst Slack        7.432ns,  Total Violation        0.000ns
Hold  :            0  Failing Endpoints,  Worst Slack        0.459ns,  Total Violation        0.000ns
---------------------------------------------------------------------------------------------------


Max Delay Paths
--------------------------------------------------------------------------------------
Slack (MET) :             7.432ns  (required time - arrival time)
  Source:                 rst_db/pbout_reg/C
                            (rising edge-triggered cell FDRE clocked by sys_clk_pin  {rise@0.000ns fall@5.000ns period=10.000ns})
  Destination:            timer_inst/counter_reg_reg[10]/CLR
                            (recovery check against rising-edge clock sys_clk_pin  {rise@0.000ns fall@5.000ns period=10.000ns})
  Path Group:             **async_default**
  Path Type:              Recovery (Max at Slow Process Corner)
  Requirement:            10.000ns  (sys_clk_pin rise@10.000ns - sys_clk_pin rise@0.000ns)
  Data Path Delay:        2.109ns  (logic 0.518ns (24.566%)  route 1.591ns (75.434%))
  Logic Levels:           0  
  Clock Path Skew:        -0.019ns (DCD - SCD + CPR)
    Destination Clock Delay (DCD):    4.852ns = ( 14.852 - 10.000 ) 
    Source Clock Delay      (SCD):    5.145ns
    Clock Pessimism Removal (CPR):    0.274ns
  Clock Uncertainty:      0.035ns  ((TSJ^2 + TIJ^2)^1/2 + DJ) / 2 + PE
    Total System Jitter     (TSJ):    0.071ns
    Total Input Jitter      (TIJ):    0.000ns
    Discrete Jitter          (DJ):    0.000ns
    Phase Error              (PE):    0.000ns

    Location             Delay type                Incr(ns)  Path(ns)    Netlist Resource(s)
  -------------------------------------------------------------------    -------------------
                         (clock sys_clk_pin rise edge)
                                                      0.000     0.000 r  
    W5                                                0.000     0.000 r  clk (IN)
                         net (fo=0)                   0.000     0.000    clk
    W5                   IBUF (Prop_ibuf_I_O)         1.458     1.458 r  clk_IBUF_inst/O
                         net (fo=1, routed)           1.967     3.425    clk_IBUF
    BUFGCTRL_X0Y0        BUFG (Prop_bufg_I_O)         0.096     3.521 r  clk_IBUF_BUFG_inst/O
                         net (fo=71, routed)          1.624     5.145    rst_db/clk_IBUF_BUFG
    SLICE_X2Y28          FDRE                                         r  rst_db/pbout_reg/C
  -------------------------------------------------------------------    -------------------
    SLICE_X2Y28          FDRE (Prop_fdre_C_Q)         0.518     5.663 f  rst_db/pbout_reg/Q
                         net (fo=47, routed)          1.591     7.254    timer_inst/rst
    SLICE_X0Y32          FDCE                                         f  timer_inst/counter_reg_reg[10]/CLR
  -------------------------------------------------------------------    -------------------

                         (clock sys_clk_pin rise edge)
                                                     10.000    10.000 r  
    W5                                                0.000    10.000 r  clk (IN)
                         net (fo=0)                   0.000    10.000    clk
    W5                   IBUF (Prop_ibuf_I_O)         1.388    11.388 r  clk_IBUF_inst/O
                         net (fo=1, routed)           1.862    13.250    clk_IBUF
    BUFGCTRL_X0Y0        BUFG (Prop_bufg_I_O)         0.091    13.341 r  clk_IBUF_BUFG_inst/O
                         net (fo=71, routed)          1.511    14.852    timer_inst/clk_IBUF_BUFG
    SLICE_X0Y32          FDCE                                         r  timer_inst/counter_reg_reg[10]/C
                         clock pessimism              0.274    15.126    
                         clock uncertainty           -0.035    15.091    
    SLICE_X0Y32          FDCE (Recov_fdce_C_CLR)     -0.405    14.686    timer_inst/counter_reg_reg[10]
  -------------------------------------------------------------------
                         required time                         14.686    
                         arrival time                          -7.254    
  -------------------------------------------------------------------
                         slack                                  7.432    

Slack (MET) :             7.432ns  (required time - arrival time)
  Source:                 rst_db/pbout_reg/C
                            (rising edge-triggered cell FDRE clocked by sys_clk_pin  {rise@0.000ns fall@5.000ns period=10.000ns})
  Destination:            timer_inst/counter_reg_reg[11]/CLR
                            (recovery check against rising-edge clock sys_clk_pin  {rise@0.000ns fall@5.000ns period=10.000ns})
  Path Group:             **async_default**
  Path Type:              Recovery (Max at Slow Process Corner)
  Requirement:            10.000ns  (sys_clk_pin rise@10.000ns - sys_clk_pin rise@0.000ns)
  Data Path Delay:        2.109ns  (logic 0.518ns (24.566%)  route 1.591ns (75.434%))
  Logic Levels:           0  
  Clock Path Skew:        -0.019ns (DCD - SCD + CPR)
    Destination Clock Delay (DCD):    4.852ns = ( 14.852 - 10.000 ) 
    Source Clock Delay      (SCD):    5.145ns
    Clock Pessimism Removal (CPR):    0.274ns
  Clock Uncertainty:      0.035ns  ((TSJ^2 + TIJ^2)^1/2 + DJ) / 2 + PE
    Total System Jitter     (TSJ):    0.071ns
    Total Input Jitter      (TIJ):    0.000ns
    Discrete Jitter          (DJ):    0.000ns
    Phase Error              (PE):    0.000ns

    Location             Delay type                Incr(ns)  Path(ns)    Netlist Resource(s)
  -------------------------------------------------------------------    -------------------
                         (clock sys_clk_pin rise edge)
                                                      0.000     0.000 r  
    W5                                                0.000     0.000 r  clk (IN)
                         net (fo=0)                   0.000     0.000    clk
    W5                   IBUF (Prop_ibuf_I_O)         1.458     1.458 r  clk_IBUF_inst/O
                         net (fo=1, routed)           1.967     3.425    clk_IBUF
    BUFGCTRL_X0Y0        BUFG (Prop_bufg_I_O)         0.096     3.521 r  clk_IBUF_BUFG_inst/O
                         net (fo=71, routed)          1.624     5.145    rst_db/clk_IBUF_BUFG
    SLICE_X2Y28          FDRE                                         r  rst_db/pbout_reg/C
  -------------------------------------------------------------------    -------------------
    SLICE_X2Y28          FDRE (Prop_fdre_C_Q)         0.518     5.663 f  rst_db/pbout_reg/Q
                         net (fo=47, routed)          1.591     7.254    timer_inst/rst
    SLICE_X0Y32          FDCE                                         f  timer_inst/counter_reg_reg[11]/CLR
  -------------------------------------------------------------------    -------------------

                         (clock sys_clk_pin rise edge)
                                                     10.000    10.000 r  
    W5                                                0.000    10.000 r  clk (IN)
                         net (fo=0)                   0.000    10.000    clk
    W5                   IBUF (Prop_ibuf_I_O)         1.388    11.388 r  clk_IBUF_inst/O
                         net (fo=1, routed)           1.862    13.250    clk_IBUF
    BUFGCTRL_X0Y0        BUFG (Prop_bufg_I_O)         0.091    13.341 r  clk_IBUF_BUFG_inst/O
                         net (fo=71, routed)          1.511    14.852    timer_inst/clk_IBUF_BUFG
    SLICE_X0Y32          FDCE                                         r  timer_inst/counter_reg_reg[11]/C
                         clock pessimism              0.274    15.126    
                         clock uncertainty           -0.035    15.091    
    SLICE_X0Y32          FDCE (Recov_fdce_C_CLR)     -0.405    14.686    timer_inst/counter_reg_reg[11]
  -------------------------------------------------------------------
                         required time                         14.686    
                         arrival time                          -7.254    
  -------------------------------------------------------------------
                         slack                                  7.432    

Slack (MET) :             7.432ns  (required time - arrival time)
  Source:                 rst_db/pbout_reg/C
                            (rising edge-triggered cell FDRE clocked by sys_clk_pin  {rise@0.000ns fall@5.000ns period=10.000ns})
  Destination:            timer_inst/counter_reg_reg[8]/CLR
                            (recovery check against rising-edge clock sys_clk_pin  {rise@0.000ns fall@5.000ns period=10.000ns})
  Path Group:             **async_default**
  Path Type:              Recovery (Max at Slow Process Corner)
  Requirement:            10.000ns  (sys_clk_pin rise@10.000ns - sys_clk_pin rise@0.000ns)
  Data Path Delay:        2.109ns  (logic 0.518ns (24.566%)  route 1.591ns (75.434%))
  Logic Levels:           0  
  Clock Path Skew:        -0.019ns (DCD - SCD + CPR)
    Destination Clock Delay (DCD):    4.852ns = ( 14.852 - 10.000 ) 
    Source Clock Delay      (SCD):    5.145ns
    Clock Pessimism Removal (CPR):    0.274ns
  Clock Uncertainty:      0.035ns  ((TSJ^2 + TIJ^2)^1/2 + DJ) / 2 + PE
    Total System Jitter     (TSJ):    0.071ns
    Total Input Jitter      (TIJ):    0.000ns
    Discrete Jitter          (DJ):    0.000ns
    Phase Error              (PE):    0.000ns

    Location             Delay type                Incr(ns)  Path(ns)    Netlist Resource(s)
  -------------------------------------------------------------------    -------------------
                         (clock sys_clk_pin rise edge)
                                                      0.000     0.000 r  
    W5                                                0.000     0.000 r  clk (IN)
                         net (fo=0)                   0.000     0.000    clk
    W5                   IBUF (Prop_ibuf_I_O)         1.458     1.458 r  clk_IBUF_inst/O
                         net (fo=1, routed)           1.967     3.425    clk_IBUF
    BUFGCTRL_X0Y0        BUFG (Prop_bufg_I_O)         0.096     3.521 r  clk_IBUF_BUFG_inst/O
                         net (fo=71, routed)          1.624     5.145    rst_db/clk_IBUF_BUFG
    SLICE_X2Y28          FDRE                                         r  rst_db/pbout_reg/C
  -------------------------------------------------------------------    -------------------
    SLICE_X2Y28          FDRE (Prop_fdre_C_Q)         0.518     5.663 f  rst_db/pbout_reg/Q
                         net (fo=47, routed)          1.591     7.254    timer_inst/rst
    SLICE_X0Y32          FDCE                                         f  timer_inst/counter_reg_reg[8]/CLR
  -------------------------------------------------------------------    -------------------

                         (clock sys_clk_pin rise edge)
                                                     10.000    10.000 r  
    W5                                                0.000    10.000 r  clk (IN)
                         net (fo=0)                   0.000    10.000    clk
    W5                   IBUF (Prop_ibuf_I_O)         1.388    11.388 r  clk_IBUF_inst/O
                         net (fo=1, routed)           1.862    13.250    clk_IBUF
    BUFGCTRL_X0Y0        BUFG (Prop_bufg_I_O)         0.091    13.341 r  clk_IBUF_BUFG_inst/O
                         net (fo=71, routed)          1.511    14.852    timer_inst/clk_IBUF_BUFG
    SLICE_X0Y32          FDCE                                         r  timer_inst/counter_reg_reg[8]/C
                         clock pessimism              0.274    15.126    
                         clock uncertainty           -0.035    15.091    
    SLICE_X0Y32          FDCE (Recov_fdce_C_CLR)     -0.405    14.686    timer_inst/counter_reg_reg[8]
  -------------------------------------------------------------------
                         required time                         14.686    
                         arrival time                          -7.254    
  -------------------------------------------------------------------
                         slack                                  7.432    

Slack (MET) :             7.432ns  (required time - arrival time)
  Source:                 rst_db/pbout_reg/C
                            (rising edge-triggered cell FDRE clocked by sys_clk_pin  {rise@0.000ns fall@5.000ns period=10.000ns})
  Destination:            timer_inst/counter_reg_reg[9]/CLR
                            (recovery check against rising-edge clock sys_clk_pin  {rise@0.000ns fall@5.000ns period=10.000ns})
  Path Group:             **async_default**
  Path Type:              Recovery (Max at Slow Process Corner)
  Requirement:            10.000ns  (sys_clk_pin rise@10.000ns - sys_clk_pin rise@0.000ns)
  Data Path Delay:        2.109ns  (logic 0.518ns (24.566%)  route 1.591ns (75.434%))
  Logic Levels:           0  
  Clock Path Skew:        -0.019ns (DCD - SCD + CPR)
    Destination Clock Delay (DCD):    4.852ns = ( 14.852 - 10.000 ) 
    Source Clock Delay      (SCD):    5.145ns
    Clock Pessimism Removal (CPR):    0.274ns
  Clock Uncertainty:      0.035ns  ((TSJ^2 + TIJ^2)^1/2 + DJ) / 2 + PE
    Total System Jitter     (TSJ):    0.071ns
    Total Input Jitter      (TIJ):    0.000ns
    Discrete Jitter          (DJ):    0.000ns
    Phase Error              (PE):    0.000ns

    Location             Delay type                Incr(ns)  Path(ns)    Netlist Resource(s)
  -------------------------------------------------------------------    -------------------
                         (clock sys_clk_pin rise edge)
                                                      0.000     0.000 r  
    W5                                                0.000     0.000 r  clk (IN)
                         net (fo=0)                   0.000     0.000    clk
    W5                   IBUF (Prop_ibuf_I_O)         1.458     1.458 r  clk_IBUF_inst/O
                         net (fo=1, routed)           1.967     3.425    clk_IBUF
    BUFGCTRL_X0Y0        BUFG (Prop_bufg_I_O)         0.096     3.521 r  clk_IBUF_BUFG_inst/O
                         net (fo=71, routed)          1.624     5.145    rst_db/clk_IBUF_BUFG
    SLICE_X2Y28          FDRE                                         r  rst_db/pbout_reg/C
  -------------------------------------------------------------------    -------------------
    SLICE_X2Y28          FDRE (Prop_fdre_C_Q)         0.518     5.663 f  rst_db/pbout_reg/Q
                         net (fo=47, routed)          1.591     7.254    timer_inst/rst
    SLICE_X0Y32          FDCE                                         f  timer_inst/counter_reg_reg[9]/CLR
  -------------------------------------------------------------------    -------------------

                         (clock sys_clk_pin rise edge)
                                                     10.000    10.000 r  
    W5                                                0.000    10.000 r  clk (IN)
                         net (fo=0)                   0.000    10.000    clk
    W5                   IBUF (Prop_ibuf_I_O)         1.388    11.388 r  clk_IBUF_inst/O
                         net (fo=1, routed)           1.862    13.250    clk_IBUF
    BUFGCTRL_X0Y0        BUFG (Prop_bufg_I_O)         0.091    13.341 r  clk_IBUF_BUFG_inst/O
                         net (fo=71, routed)          1.511    14.852    timer_inst/clk_IBUF_BUFG
    SLICE_X0Y32          FDCE                                         r  timer_inst/counter_reg_reg[9]/C
                         clock pessimism              0.274    15.126    
                         clock uncertainty           -0.035    15.091    
    SLICE_X0Y32          FDCE (Recov_fdce_C_CLR)     -0.405    14.686    timer_inst/counter_reg_reg[9]
  -------------------------------------------------------------------
                         required time                         14.686    
                         arrival time                          -7.254    
  -------------------------------------------------------------------
                         slack                                  7.432    

Slack (MET) :             7.454ns  (required time - arrival time)
  Source:                 rst_db/pbout_reg/C
                            (rising edge-triggered cell FDRE clocked by sys_clk_pin  {rise@0.000ns fall@5.000ns period=10.000ns})
  Destination:            timer_inst/state_reg/CLR
                            (recovery check against rising-edge clock sys_clk_pin  {rise@0.000ns fall@5.000ns period=10.000ns})
  Path Group:             **async_default**
  Path Type:              Recovery (Max at Slow Process Corner)
  Requirement:            10.000ns  (sys_clk_pin rise@10.000ns - sys_clk_pin rise@0.000ns)
  Data Path Delay:        2.089ns  (logic 0.518ns (24.798%)  route 1.571ns (75.202%))
  Logic Levels:           0  
  Clock Path Skew:        -0.017ns (DCD - SCD + CPR)
    Destination Clock Delay (DCD):    4.854ns = ( 14.854 - 10.000 ) 
    Source Clock Delay      (SCD):    5.145ns
    Clock Pessimism Removal (CPR):    0.274ns
  Clock Uncertainty:      0.035ns  ((TSJ^2 + TIJ^2)^1/2 + DJ) / 2 + PE
    Total System Jitter     (TSJ):    0.071ns
    Total Input Jitter      (TIJ):    0.000ns
    Discrete Jitter          (DJ):    0.000ns
    Phase Error              (PE):    0.000ns

    Location             Delay type                Incr(ns)  Path(ns)    Netlist Resource(s)
  -------------------------------------------------------------------    -------------------
                         (clock sys_clk_pin rise edge)
                                                      0.000     0.000 r  
    W5                                                0.000     0.000 r  clk (IN)
                         net (fo=0)                   0.000     0.000    clk
    W5                   IBUF (Prop_ibuf_I_O)         1.458     1.458 r  clk_IBUF_inst/O
                         net (fo=1, routed)           1.967     3.425    clk_IBUF
    BUFGCTRL_X0Y0        BUFG (Prop_bufg_I_O)         0.096     3.521 r  clk_IBUF_BUFG_inst/O
                         net (fo=71, routed)          1.624     5.145    rst_db/clk_IBUF_BUFG
    SLICE_X2Y28          FDRE                                         r  rst_db/pbout_reg/C
  -------------------------------------------------------------------    -------------------
    SLICE_X2Y28          FDRE (Prop_fdre_C_Q)         0.518     5.663 f  rst_db/pbout_reg/Q
                         net (fo=47, routed)          1.571     7.234    timer_inst/rst
    SLICE_X1Y34          FDCE                                         f  timer_inst/state_reg/CLR
  -------------------------------------------------------------------    -------------------

                         (clock sys_clk_pin rise edge)
                                                     10.000    10.000 r  
    W5                                                0.000    10.000 r  clk (IN)
                         net (fo=0)                   0.000    10.000    clk
    W5                   IBUF (Prop_ibuf_I_O)         1.388    11.388 r  clk_IBUF_inst/O
                         net (fo=1, routed)           1.862    13.250    clk_IBUF
    BUFGCTRL_X0Y0        BUFG (Prop_bufg_I_O)         0.091    13.341 r  clk_IBUF_BUFG_inst/O
                         net (fo=71, routed)          1.513    14.854    timer_inst/clk_IBUF_BUFG
    SLICE_X1Y34          FDCE                                         r  timer_inst/state_reg/C
                         clock pessimism              0.274    15.128    
                         clock uncertainty           -0.035    15.093    
    SLICE_X1Y34          FDCE (Recov_fdce_C_CLR)     -0.405    14.688    timer_inst/state_reg
  -------------------------------------------------------------------
                         required time                         14.688    
                         arrival time                          -7.234    
  -------------------------------------------------------------------
                         slack                                  7.454    

Slack (MET) :             7.577ns  (required time - arrival time)
  Source:                 rst_db/pbout_reg/C
                            (rising edge-triggered cell FDRE clocked by sys_clk_pin  {rise@0.000ns fall@5.000ns period=10.000ns})
  Destination:            timer_inst/counter_reg_reg[0]/CLR
                            (recovery check against rising-edge clock sys_clk_pin  {rise@0.000ns fall@5.000ns period=10.000ns})
  Path Group:             **async_default**
  Path Type:              Recovery (Max at Slow Process Corner)
  Requirement:            10.000ns  (sys_clk_pin rise@10.000ns - sys_clk_pin rise@0.000ns)
  Data Path Delay:        1.961ns  (logic 0.518ns (26.420%)  route 1.443ns (73.580%))
  Logic Levels:           0  
  Clock Path Skew:        -0.022ns (DCD - SCD + CPR)
    Destination Clock Delay (DCD):    4.849ns = ( 14.849 - 10.000 ) 
    Source Clock Delay      (SCD):    5.145ns
    Clock Pessimism Removal (CPR):    0.274ns
  Clock Uncertainty:      0.035ns  ((TSJ^2 + TIJ^2)^1/2 + DJ) / 2 + PE
    Total System Jitter     (TSJ):    0.071ns
    Total Input Jitter      (TIJ):    0.000ns
    Discrete Jitter          (DJ):    0.000ns
    Phase Error              (PE):    0.000ns

    Location             Delay type                Incr(ns)  Path(ns)    Netlist Resource(s)
  -------------------------------------------------------------------    -------------------
                         (clock sys_clk_pin rise edge)
                                                      0.000     0.000 r  
    W5                                                0.000     0.000 r  clk (IN)
                         net (fo=0)                   0.000     0.000    clk
    W5                   IBUF (Prop_ibuf_I_O)         1.458     1.458 r  clk_IBUF_inst/O
                         net (fo=1, routed)           1.967     3.425    clk_IBUF
    BUFGCTRL_X0Y0        BUFG (Prop_bufg_I_O)         0.096     3.521 r  clk_IBUF_BUFG_inst/O
                         net (fo=71, routed)          1.624     5.145    rst_db/clk_IBUF_BUFG
    SLICE_X2Y28          FDRE                                         r  rst_db/pbout_reg/C
  -------------------------------------------------------------------    -------------------
    SLICE_X2Y28          FDRE (Prop_fdre_C_Q)         0.518     5.663 f  rst_db/pbout_reg/Q
                         net (fo=47, routed)          1.443     7.106    timer_inst/rst
    SLICE_X0Y30          FDCE                                         f  timer_inst/counter_reg_reg[0]/CLR
  -------------------------------------------------------------------    -------------------

                         (clock sys_clk_pin rise edge)
                                                     10.000    10.000 r  
    W5                                                0.000    10.000 r  clk (IN)
                         net (fo=0)                   0.000    10.000    clk
    W5                   IBUF (Prop_ibuf_I_O)         1.388    11.388 r  clk_IBUF_inst/O
                         net (fo=1, routed)           1.862    13.250    clk_IBUF
    BUFGCTRL_X0Y0        BUFG (Prop_bufg_I_O)         0.091    13.341 r  clk_IBUF_BUFG_inst/O
                         net (fo=71, routed)          1.508    14.849    timer_inst/clk_IBUF_BUFG
    SLICE_X0Y30          FDCE                                         r  timer_inst/counter_reg_reg[0]/C
                         clock pessimism              0.274    15.123    
                         clock uncertainty           -0.035    15.088    
    SLICE_X0Y30          FDCE (Recov_fdce_C_CLR)     -0.405    14.683    timer_inst/counter_reg_reg[0]
  -------------------------------------------------------------------
                         required time                         14.683    
                         arrival time                          -7.106    
  -------------------------------------------------------------------
                         slack                                  7.577    

Slack (MET) :             7.577ns  (required time - arrival time)
  Source:                 rst_db/pbout_reg/C
                            (rising edge-triggered cell FDRE clocked by sys_clk_pin  {rise@0.000ns fall@5.000ns period=10.000ns})
  Destination:            timer_inst/counter_reg_reg[1]/CLR
                            (recovery check against rising-edge clock sys_clk_pin  {rise@0.000ns fall@5.000ns period=10.000ns})
  Path Group:             **async_default**
  Path Type:              Recovery (Max at Slow Process Corner)
  Requirement:            10.000ns  (sys_clk_pin rise@10.000ns - sys_clk_pin rise@0.000ns)
  Data Path Delay:        1.961ns  (logic 0.518ns (26.420%)  route 1.443ns (73.580%))
  Logic Levels:           0  
  Clock Path Skew:        -0.022ns (DCD - SCD + CPR)
    Destination Clock Delay (DCD):    4.849ns = ( 14.849 - 10.000 ) 
    Source Clock Delay      (SCD):    5.145ns
    Clock Pessimism Removal (CPR):    0.274ns
  Clock Uncertainty:      0.035ns  ((TSJ^2 + TIJ^2)^1/2 + DJ) / 2 + PE
    Total System Jitter     (TSJ):    0.071ns
    Total Input Jitter      (TIJ):    0.000ns
    Discrete Jitter          (DJ):    0.000ns
    Phase Error              (PE):    0.000ns

    Location             Delay type                Incr(ns)  Path(ns)    Netlist Resource(s)
  -------------------------------------------------------------------    -------------------
                         (clock sys_clk_pin rise edge)
                                                      0.000     0.000 r  
    W5                                                0.000     0.000 r  clk (IN)
                         net (fo=0)                   0.000     0.000    clk
    W5                   IBUF (Prop_ibuf_I_O)         1.458     1.458 r  clk_IBUF_inst/O
                         net (fo=1, routed)           1.967     3.425    clk_IBUF
    BUFGCTRL_X0Y0        BUFG (Prop_bufg_I_O)         0.096     3.521 r  clk_IBUF_BUFG_inst/O
                         net (fo=71, routed)          1.624     5.145    rst_db/clk_IBUF_BUFG
    SLICE_X2Y28          FDRE                                         r  rst_db/pbout_reg/C
  -------------------------------------------------------------------    -------------------
    SLICE_X2Y28          FDRE (Prop_fdre_C_Q)         0.518     5.663 f  rst_db/pbout_reg/Q
                         net (fo=47, routed)          1.443     7.106    timer_inst/rst
    SLICE_X0Y30          FDCE                                         f  timer_inst/counter_reg_reg[1]/CLR
  -------------------------------------------------------------------    -------------------

                         (clock sys_clk_pin rise edge)
                                                     10.000    10.000 r  
    W5                                                0.000    10.000 r  clk (IN)
                         net (fo=0)                   0.000    10.000    clk
    W5                   IBUF (Prop_ibuf_I_O)         1.388    11.388 r  clk_IBUF_inst/O
                         net (fo=1, routed)           1.862    13.250    clk_IBUF
    BUFGCTRL_X0Y0        BUFG (Prop_bufg_I_O)         0.091    13.341 r  clk_IBUF_BUFG_inst/O
                         net (fo=71, routed)          1.508    14.849    timer_inst/clk_IBUF_BUFG
    SLICE_X0Y30          FDCE                                         r  timer_inst/counter_reg_reg[1]/C
                         clock pessimism              0.274    15.123    
                         clock uncertainty           -0.035    15.088    
    SLICE_X0Y30          FDCE (Recov_fdce_C_CLR)     -0.405    14.683    timer_inst/counter_reg_reg[1]
  -------------------------------------------------------------------
                         required time                         14.683    
                         arrival time                          -7.106    
  -------------------------------------------------------------------
                         slack                                  7.577    

Slack (MET) :             7.577ns  (required time - arrival time)
  Source:                 rst_db/pbout_reg/C
                            (rising edge-triggered cell FDRE clocked by sys_clk_pin  {rise@0.000ns fall@5.000ns period=10.000ns})
  Destination:            timer_inst/counter_reg_reg[2]/CLR
                            (recovery check against rising-edge clock sys_clk_pin  {rise@0.000ns fall@5.000ns period=10.000ns})
  Path Group:             **async_default**
  Path Type:              Recovery (Max at Slow Process Corner)
  Requirement:            10.000ns  (sys_clk_pin rise@10.000ns - sys_clk_pin rise@0.000ns)
  Data Path Delay:        1.961ns  (logic 0.518ns (26.420%)  route 1.443ns (73.580%))
  Logic Levels:           0  
  Clock Path Skew:        -0.022ns (DCD - SCD + CPR)
    Destination Clock Delay (DCD):    4.849ns = ( 14.849 - 10.000 ) 
    Source Clock Delay      (SCD):    5.145ns
    Clock Pessimism Removal (CPR):    0.274ns
  Clock Uncertainty:      0.035ns  ((TSJ^2 + TIJ^2)^1/2 + DJ) / 2 + PE
    Total System Jitter     (TSJ):    0.071ns
    Total Input Jitter      (TIJ):    0.000ns
    Discrete Jitter          (DJ):    0.000ns
    Phase Error              (PE):    0.000ns

    Location             Delay type                Incr(ns)  Path(ns)    Netlist Resource(s)
  -------------------------------------------------------------------    -------------------
                         (clock sys_clk_pin rise edge)
                                                      0.000     0.000 r  
    W5                                                0.000     0.000 r  clk (IN)
                         net (fo=0)                   0.000     0.000    clk
    W5                   IBUF (Prop_ibuf_I_O)         1.458     1.458 r  clk_IBUF_inst/O
                         net (fo=1, routed)           1.967     3.425    clk_IBUF
    BUFGCTRL_X0Y0        BUFG (Prop_bufg_I_O)         0.096     3.521 r  clk_IBUF_BUFG_inst/O
                         net (fo=71, routed)          1.624     5.145    rst_db/clk_IBUF_BUFG
    SLICE_X2Y28          FDRE                                         r  rst_db/pbout_reg/C
  -------------------------------------------------------------------    -------------------
    SLICE_X2Y28          FDRE (Prop_fdre_C_Q)         0.518     5.663 f  rst_db/pbout_reg/Q
                         net (fo=47, routed)          1.443     7.106    timer_inst/rst
    SLICE_X0Y30          FDCE                                         f  timer_inst/counter_reg_reg[2]/CLR
  -------------------------------------------------------------------    -------------------

                         (clock sys_clk_pin rise edge)
                                                     10.000    10.000 r  
    W5                                                0.000    10.000 r  clk (IN)
                         net (fo=0)                   0.000    10.000    clk
    W5                   IBUF (Prop_ibuf_I_O)         1.388    11.388 r  clk_IBUF_inst/O
                         net (fo=1, routed)           1.862    13.250    clk_IBUF
    BUFGCTRL_X0Y0        BUFG (Prop_bufg_I_O)         0.091    13.341 r  clk_IBUF_BUFG_inst/O
                         net (fo=71, routed)          1.508    14.849    timer_inst/clk_IBUF_BUFG
    SLICE_X0Y30          FDCE                                         r  timer_inst/counter_reg_reg[2]/C
                         clock pessimism              0.274    15.123    
                         clock uncertainty           -0.035    15.088    
    SLICE_X0Y30          FDCE (Recov_fdce_C_CLR)     -0.405    14.683    timer_inst/counter_reg_reg[2]
  -------------------------------------------------------------------
                         required time                         14.683    
                         arrival time                          -7.106    
  -------------------------------------------------------------------
                         slack                                  7.577    

Slack (MET) :             7.577ns  (required time - arrival time)
  Source:                 rst_db/pbout_reg/C
                            (rising edge-triggered cell FDRE clocked by sys_clk_pin  {rise@0.000ns fall@5.000ns period=10.000ns})
  Destination:            timer_inst/counter_reg_reg[3]/CLR
                            (recovery check against rising-edge clock sys_clk_pin  {rise@0.000ns fall@5.000ns period=10.000ns})
  Path Group:             **async_default**
  Path Type:              Recovery (Max at Slow Process Corner)
  Requirement:            10.000ns  (sys_clk_pin rise@10.000ns - sys_clk_pin rise@0.000ns)
  Data Path Delay:        1.961ns  (logic 0.518ns (26.420%)  route 1.443ns (73.580%))
  Logic Levels:           0  
  Clock Path Skew:        -0.022ns (DCD - SCD + CPR)
    Destination Clock Delay (DCD):    4.849ns = ( 14.849 - 10.000 ) 
    Source Clock Delay      (SCD):    5.145ns
    Clock Pessimism Removal (CPR):    0.274ns
  Clock Uncertainty:      0.035ns  ((TSJ^2 + TIJ^2)^1/2 + DJ) / 2 + PE
    Total System Jitter     (TSJ):    0.071ns
    Total Input Jitter      (TIJ):    0.000ns
    Discrete Jitter          (DJ):    0.000ns
    Phase Error              (PE):    0.000ns

    Location             Delay type                Incr(ns)  Path(ns)    Netlist Resource(s)
  -------------------------------------------------------------------    -------------------
                         (clock sys_clk_pin rise edge)
                                                      0.000     0.000 r  
    W5                                                0.000     0.000 r  clk (IN)
                         net (fo=0)                   0.000     0.000    clk
    W5                   IBUF (Prop_ibuf_I_O)         1.458     1.458 r  clk_IBUF_inst/O
                         net (fo=1, routed)           1.967     3.425    clk_IBUF
    BUFGCTRL_X0Y0        BUFG (Prop_bufg_I_O)         0.096     3.521 r  clk_IBUF_BUFG_inst/O
                         net (fo=71, routed)          1.624     5.145    rst_db/clk_IBUF_BUFG
    SLICE_X2Y28          FDRE                                         r  rst_db/pbout_reg/C
  -------------------------------------------------------------------    -------------------
    SLICE_X2Y28          FDRE (Prop_fdre_C_Q)         0.518     5.663 f  rst_db/pbout_reg/Q
                         net (fo=47, routed)          1.443     7.106    timer_inst/rst
    SLICE_X0Y30          FDCE                                         f  timer_inst/counter_reg_reg[3]/CLR
  -------------------------------------------------------------------    -------------------

                         (clock sys_clk_pin rise edge)
                                                     10.000    10.000 r  
    W5                                                0.000    10.000 r  clk (IN)
                         net (fo=0)                   0.000    10.000    clk
    W5                   IBUF (Prop_ibuf_I_O)         1.388    11.388 r  clk_IBUF_inst/O
                         net (fo=1, routed)           1.862    13.250    clk_IBUF
    BUFGCTRL_X0Y0        BUFG (Prop_bufg_I_O)         0.091    13.341 r  clk_IBUF_BUFG_inst/O
                         net (fo=71, routed)          1.508    14.849    timer_inst/clk_IBUF_BUFG
    SLICE_X0Y30          FDCE                                         r  timer_inst/counter_reg_reg[3]/C
                         clock pessimism              0.274    15.123    
                         clock uncertainty           -0.035    15.088    
    SLICE_X0Y30          FDCE (Recov_fdce_C_CLR)     -0.405    14.683    timer_inst/counter_reg_reg[3]
  -------------------------------------------------------------------
                         required time                         14.683    
                         arrival time                          -7.106    
  -------------------------------------------------------------------
                         slack                                  7.577    

Slack (MET) :             7.580ns  (required time - arrival time)
  Source:                 rst_db/pbout_reg/C
                            (rising edge-triggered cell FDRE clocked by sys_clk_pin  {rise@0.000ns fall@5.000ns period=10.000ns})
  Destination:            timer_inst/counter_reg_reg[4]/CLR
                            (recovery check against rising-edge clock sys_clk_pin  {rise@0.000ns fall@5.000ns period=10.000ns})
  Path Group:             **async_default**
  Path Type:              Recovery (Max at Slow Process Corner)
  Requirement:            10.000ns  (sys_clk_pin rise@10.000ns - sys_clk_pin rise@0.000ns)
  Data Path Delay:        1.958ns  (logic 0.518ns (26.449%)  route 1.440ns (73.551%))
  Logic Levels:           0  
  Clock Path Skew:        -0.021ns (DCD - SCD + CPR)
    Destination Clock Delay (DCD):    4.850ns = ( 14.850 - 10.000 ) 
    Source Clock Delay      (SCD):    5.145ns
    Clock Pessimism Removal (CPR):    0.274ns
  Clock Uncertainty:      0.035ns  ((TSJ^2 + TIJ^2)^1/2 + DJ) / 2 + PE
    Total System Jitter     (TSJ):    0.071ns
    Total Input Jitter      (TIJ):    0.000ns
    Discrete Jitter          (DJ):    0.000ns
    Phase Error              (PE):    0.000ns

    Location             Delay type                Incr(ns)  Path(ns)    Netlist Resource(s)
  -------------------------------------------------------------------    -------------------
                         (clock sys_clk_pin rise edge)
                                                      0.000     0.000 r  
    W5                                                0.000     0.000 r  clk (IN)
                         net (fo=0)                   0.000     0.000    clk
    W5                   IBUF (Prop_ibuf_I_O)         1.458     1.458 r  clk_IBUF_inst/O
                         net (fo=1, routed)           1.967     3.425    clk_IBUF
    BUFGCTRL_X0Y0        BUFG (Prop_bufg_I_O)         0.096     3.521 r  clk_IBUF_BUFG_inst/O
                         net (fo=71, routed)          1.624     5.145    rst_db/clk_IBUF_BUFG
    SLICE_X2Y28          FDRE                                         r  rst_db/pbout_reg/C
  -------------------------------------------------------------------    -------------------
    SLICE_X2Y28          FDRE (Prop_fdre_C_Q)         0.518     5.663 f  rst_db/pbout_reg/Q
                         net (fo=47, routed)          1.440     7.104    timer_inst/rst
    SLICE_X0Y31          FDCE                                         f  timer_inst/counter_reg_reg[4]/CLR
  -------------------------------------------------------------------    -------------------

                         (clock sys_clk_pin rise edge)
                                                     10.000    10.000 r  
    W5                                                0.000    10.000 r  clk (IN)
                         net (fo=0)                   0.000    10.000    clk
    W5                   IBUF (Prop_ibuf_I_O)         1.388    11.388 r  clk_IBUF_inst/O
                         net (fo=1, routed)           1.862    13.250    clk_IBUF
    BUFGCTRL_X0Y0        BUFG (Prop_bufg_I_O)         0.091    13.341 r  clk_IBUF_BUFG_inst/O
                         net (fo=71, routed)          1.509    14.850    timer_inst/clk_IBUF_BUFG
    SLICE_X0Y31          FDCE                                         r  timer_inst/counter_reg_reg[4]/C
                         clock pessimism              0.274    15.124    
                         clock uncertainty           -0.035    15.089    
    SLICE_X0Y31          FDCE (Recov_fdce_C_CLR)     -0.405    14.684    timer_inst/counter_reg_reg[4]
  -------------------------------------------------------------------
                         required time                         14.684    
                         arrival time                          -7.104    
  -------------------------------------------------------------------
                         slack                                  7.580    





Min Delay Paths
--------------------------------------------------------------------------------------
Slack (MET) :             0.459ns  (arrival time - required time)
  Source:                 rst_db/pbout_reg/C
                            (rising edge-triggered cell FDRE clocked by sys_clk_pin  {rise@0.000ns fall@5.000ns period=10.000ns})
  Destination:            clk_div_reg[1]/CLR
                            (removal check against rising-edge clock sys_clk_pin  {rise@0.000ns fall@5.000ns period=10.000ns})
  Path Group:             **async_default**
  Path Type:              Removal (Min at Fast Process Corner)
  Requirement:            0.000ns  (sys_clk_pin rise@0.000ns - sys_clk_pin rise@0.000ns)
  Data Path Delay:        0.405ns  (logic 0.164ns (40.530%)  route 0.241ns (59.470%))
  Logic Levels:           0  
  Clock Path Skew:        0.013ns (DCD - SCD - CPR)
    Destination Clock Delay (DCD):    1.980ns
    Source Clock Delay      (SCD):    1.468ns
    Clock Pessimism Removal (CPR):    0.499ns

    Location             Delay type                Incr(ns)  Path(ns)    Netlist Resource(s)
  -------------------------------------------------------------------    -------------------
                         (clock sys_clk_pin rise edge)
                                                      0.000     0.000 r  
    W5                                                0.000     0.000 r  clk (IN)
                         net (fo=0)                   0.000     0.000    clk
    W5                   IBUF (Prop_ibuf_I_O)         0.226     0.226 r  clk_IBUF_inst/O
                         net (fo=1, routed)           0.631     0.858    clk_IBUF
    BUFGCTRL_X0Y0        BUFG (Prop_bufg_I_O)         0.026     0.884 r  clk_IBUF_BUFG_inst/O
                         net (fo=71, routed)          0.585     1.468    rst_db/clk_IBUF_BUFG
    SLICE_X2Y28          FDRE                                         r  rst_db/pbout_reg/C
  -------------------------------------------------------------------    -------------------
    SLICE_X2Y28          FDRE (Prop_fdre_C_Q)         0.164     1.632 f  rst_db/pbout_reg/Q
                         net (fo=47, routed)          0.241     1.873    rst
    SLICE_X2Y27          FDCE                                         f  clk_div_reg[1]/CLR
  -------------------------------------------------------------------    -------------------

                         (clock sys_clk_pin rise edge)
                                                      0.000     0.000 r  
    W5                                                0.000     0.000 r  clk (IN)
                         net (fo=0)                   0.000     0.000    clk
    W5                   IBUF (Prop_ibuf_I_O)         0.414     0.414 r  clk_IBUF_inst/O
                         net (fo=1, routed)           0.685     1.099    clk_IBUF
    BUFGCTRL_X0Y0        BUFG (Prop_bufg_I_O)         0.029     1.128 r  clk_IBUF_BUFG_inst/O
                         net (fo=71, routed)          0.853     1.980    clk_IBUF_BUFG
    SLICE_X2Y27          FDCE                                         r  clk_div_reg[1]/C
                         clock pessimism             -0.499     1.481    
    SLICE_X2Y27          FDCE (Remov_fdce_C_CLR)     -0.067     1.414    clk_div_reg[1]
  -------------------------------------------------------------------
                         required time                         -1.414    
                         arrival time                           1.873    
  -------------------------------------------------------------------
                         slack                                  0.459    

Slack (MET) :             0.459ns  (arrival time - required time)
  Source:                 rst_db/pbout_reg/C
                            (rising edge-triggered cell FDRE clocked by sys_clk_pin  {rise@0.000ns fall@5.000ns period=10.000ns})
  Destination:            clk_div_reg[2]/CLR
                            (removal check against rising-edge clock sys_clk_pin  {rise@0.000ns fall@5.000ns period=10.000ns})
  Path Group:             **async_default**
  Path Type:              Removal (Min at Fast Process Corner)
  Requirement:            0.000ns  (sys_clk_pin rise@0.000ns - sys_clk_pin rise@0.000ns)
  Data Path Delay:        0.405ns  (logic 0.164ns (40.530%)  route 0.241ns (59.470%))
  Logic Levels:           0  
  Clock Path Skew:        0.013ns (DCD - SCD - CPR)
    Destination Clock Delay (DCD):    1.980ns
    Source Clock Delay      (SCD):    1.468ns
    Clock Pessimism Removal (CPR):    0.499ns

    Location             Delay type                Incr(ns)  Path(ns)    Netlist Resource(s)
  -------------------------------------------------------------------    -------------------
                         (clock sys_clk_pin rise edge)
                                                      0.000     0.000 r  
    W5                                                0.000     0.000 r  clk (IN)
                         net (fo=0)                   0.000     0.000    clk
    W5                   IBUF (Prop_ibuf_I_O)         0.226     0.226 r  clk_IBUF_inst/O
                         net (fo=1, routed)           0.631     0.858    clk_IBUF
    BUFGCTRL_X0Y0        BUFG (Prop_bufg_I_O)         0.026     0.884 r  clk_IBUF_BUFG_inst/O
                         net (fo=71, routed)          0.585     1.468    rst_db/clk_IBUF_BUFG
    SLICE_X2Y28          FDRE                                         r  rst_db/pbout_reg/C
  -------------------------------------------------------------------    -------------------
    SLICE_X2Y28          FDRE (Prop_fdre_C_Q)         0.164     1.632 f  rst_db/pbout_reg/Q
                         net (fo=47, routed)          0.241     1.873    rst
    SLICE_X2Y27          FDCE                                         f  clk_div_reg[2]/CLR
  -------------------------------------------------------------------    -------------------

                         (clock sys_clk_pin rise edge)
                                                      0.000     0.000 r  
    W5                                                0.000     0.000 r  clk (IN)
                         net (fo=0)                   0.000     0.000    clk
    W5                   IBUF (Prop_ibuf_I_O)         0.414     0.414 r  clk_IBUF_inst/O
                         net (fo=1, routed)           0.685     1.099    clk_IBUF
    BUFGCTRL_X0Y0        BUFG (Prop_bufg_I_O)         0.029     1.128 r  clk_IBUF_BUFG_inst/O
                         net (fo=71, routed)          0.853     1.980    clk_IBUF_BUFG
    SLICE_X2Y27          FDCE                                         r  clk_div_reg[2]/C
                         clock pessimism             -0.499     1.481    
    SLICE_X2Y27          FDCE (Remov_fdce_C_CLR)     -0.067     1.414    clk_div_reg[2]
  -------------------------------------------------------------------
                         required time                         -1.414    
                         arrival time                           1.873    
  -------------------------------------------------------------------
                         slack                                  0.459    

Slack (MET) :             0.459ns  (arrival time - required time)
  Source:                 rst_db/pbout_reg/C
                            (rising edge-triggered cell FDRE clocked by sys_clk_pin  {rise@0.000ns fall@5.000ns period=10.000ns})
  Destination:            clk_div_reg[3]/CLR
                            (removal check against rising-edge clock sys_clk_pin  {rise@0.000ns fall@5.000ns period=10.000ns})
  Path Group:             **async_default**
  Path Type:              Removal (Min at Fast Process Corner)
  Requirement:            0.000ns  (sys_clk_pin rise@0.000ns - sys_clk_pin rise@0.000ns)
  Data Path Delay:        0.405ns  (logic 0.164ns (40.530%)  route 0.241ns (59.470%))
  Logic Levels:           0  
  Clock Path Skew:        0.013ns (DCD - SCD - CPR)
    Destination Clock Delay (DCD):    1.980ns
    Source Clock Delay      (SCD):    1.468ns
    Clock Pessimism Removal (CPR):    0.499ns

    Location             Delay type                Incr(ns)  Path(ns)    Netlist Resource(s)
  -------------------------------------------------------------------    -------------------
                         (clock sys_clk_pin rise edge)
                                                      0.000     0.000 r  
    W5                                                0.000     0.000 r  clk (IN)
                         net (fo=0)                   0.000     0.000    clk
    W5                   IBUF (Prop_ibuf_I_O)         0.226     0.226 r  clk_IBUF_inst/O
                         net (fo=1, routed)           0.631     0.858    clk_IBUF
    BUFGCTRL_X0Y0        BUFG (Prop_bufg_I_O)         0.026     0.884 r  clk_IBUF_BUFG_inst/O
                         net (fo=71, routed)          0.585     1.468    rst_db/clk_IBUF_BUFG
    SLICE_X2Y28          FDRE                                         r  rst_db/pbout_reg/C
  -------------------------------------------------------------------    -------------------
    SLICE_X2Y28          FDRE (Prop_fdre_C_Q)         0.164     1.632 f  rst_db/pbout_reg/Q
                         net (fo=47, routed)          0.241     1.873    rst
    SLICE_X2Y27          FDCE                                         f  clk_div_reg[3]/CLR
  -------------------------------------------------------------------    -------------------

                         (clock sys_clk_pin rise edge)
                                                      0.000     0.000 r  
    W5                                                0.000     0.000 r  clk (IN)
                         net (fo=0)                   0.000     0.000    clk
    W5                   IBUF (Prop_ibuf_I_O)         0.414     0.414 r  clk_IBUF_inst/O
                         net (fo=1, routed)           0.685     1.099    clk_IBUF
    BUFGCTRL_X0Y0        BUFG (Prop_bufg_I_O)         0.029     1.128 r  clk_IBUF_BUFG_inst/O
                         net (fo=71, routed)          0.853     1.980    clk_IBUF_BUFG
    SLICE_X2Y27          FDCE                                         r  clk_div_reg[3]/C
                         clock pessimism             -0.499     1.481    
    SLICE_X2Y27          FDCE (Remov_fdce_C_CLR)     -0.067     1.414    clk_div_reg[3]
  -------------------------------------------------------------------
                         required time                         -1.414    
                         arrival time                           1.873    
  -------------------------------------------------------------------
                         slack                                  0.459    

Slack (MET) :             0.459ns  (arrival time - required time)
  Source:                 rst_db/pbout_reg/C
                            (rising edge-triggered cell FDRE clocked by sys_clk_pin  {rise@0.000ns fall@5.000ns period=10.000ns})
  Destination:            clk_div_reg[4]/CLR
                            (removal check against rising-edge clock sys_clk_pin  {rise@0.000ns fall@5.000ns period=10.000ns})
  Path Group:             **async_default**
  Path Type:              Removal (Min at Fast Process Corner)
  Requirement:            0.000ns  (sys_clk_pin rise@0.000ns - sys_clk_pin rise@0.000ns)
  Data Path Delay:        0.405ns  (logic 0.164ns (40.530%)  route 0.241ns (59.470%))
  Logic Levels:           0  
  Clock Path Skew:        0.013ns (DCD - SCD - CPR)
    Destination Clock Delay (DCD):    1.980ns
    Source Clock Delay      (SCD):    1.468ns
    Clock Pessimism Removal (CPR):    0.499ns

    Location             Delay type                Incr(ns)  Path(ns)    Netlist Resource(s)
  -------------------------------------------------------------------    -------------------
                         (clock sys_clk_pin rise edge)
                                                      0.000     0.000 r  
    W5                                                0.000     0.000 r  clk (IN)
                         net (fo=0)                   0.000     0.000    clk
    W5                   IBUF (Prop_ibuf_I_O)         0.226     0.226 r  clk_IBUF_inst/O
                         net (fo=1, routed)           0.631     0.858    clk_IBUF
    BUFGCTRL_X0Y0        BUFG (Prop_bufg_I_O)         0.026     0.884 r  clk_IBUF_BUFG_inst/O
                         net (fo=71, routed)          0.585     1.468    rst_db/clk_IBUF_BUFG
    SLICE_X2Y28          FDRE                                         r  rst_db/pbout_reg/C
  -------------------------------------------------------------------    -------------------
    SLICE_X2Y28          FDRE (Prop_fdre_C_Q)         0.164     1.632 f  rst_db/pbout_reg/Q
                         net (fo=47, routed)          0.241     1.873    rst
    SLICE_X2Y27          FDCE                                         f  clk_div_reg[4]/CLR
  -------------------------------------------------------------------    -------------------

                         (clock sys_clk_pin rise edge)
                                                      0.000     0.000 r  
    W5                                                0.000     0.000 r  clk (IN)
                         net (fo=0)                   0.000     0.000    clk
    W5                   IBUF (Prop_ibuf_I_O)         0.414     0.414 r  clk_IBUF_inst/O
                         net (fo=1, routed)           0.685     1.099    clk_IBUF
    BUFGCTRL_X0Y0        BUFG (Prop_bufg_I_O)         0.029     1.128 r  clk_IBUF_BUFG_inst/O
                         net (fo=71, routed)          0.853     1.980    clk_IBUF_BUFG
    SLICE_X2Y27          FDCE                                         r  clk_div_reg[4]/C
                         clock pessimism             -0.499     1.481    
    SLICE_X2Y27          FDCE (Remov_fdce_C_CLR)     -0.067     1.414    clk_div_reg[4]
  -------------------------------------------------------------------
                         required time                         -1.414    
                         arrival time                           1.873    
  -------------------------------------------------------------------
                         slack                                  0.459    

Slack (MET) :             0.459ns  (arrival time - required time)
  Source:                 rst_db/pbout_reg/C
                            (rising edge-triggered cell FDRE clocked by sys_clk_pin  {rise@0.000ns fall@5.000ns period=10.000ns})
  Destination:            clk_div_reg[6]/CLR
                            (removal check against rising-edge clock sys_clk_pin  {rise@0.000ns fall@5.000ns period=10.000ns})
  Path Group:             **async_default**
  Path Type:              Removal (Min at Fast Process Corner)
  Requirement:            0.000ns  (sys_clk_pin rise@0.000ns - sys_clk_pin rise@0.000ns)
  Data Path Delay:        0.405ns  (logic 0.164ns (40.530%)  route 0.241ns (59.470%))
  Logic Levels:           0  
  Clock Path Skew:        0.013ns (DCD - SCD - CPR)
    Destination Clock Delay (DCD):    1.980ns
    Source Clock Delay      (SCD):    1.468ns
    Clock Pessimism Removal (CPR):    0.499ns

    Location             Delay type                Incr(ns)  Path(ns)    Netlist Resource(s)
  -------------------------------------------------------------------    -------------------
                         (clock sys_clk_pin rise edge)
                                                      0.000     0.000 r  
    W5                                                0.000     0.000 r  clk (IN)
                         net (fo=0)                   0.000     0.000    clk
    W5                   IBUF (Prop_ibuf_I_O)         0.226     0.226 r  clk_IBUF_inst/O
                         net (fo=1, routed)           0.631     0.858    clk_IBUF
    BUFGCTRL_X0Y0        BUFG (Prop_bufg_I_O)         0.026     0.884 r  clk_IBUF_BUFG_inst/O
                         net (fo=71, routed)          0.585     1.468    rst_db/clk_IBUF_BUFG
    SLICE_X2Y28          FDRE                                         r  rst_db/pbout_reg/C
  -------------------------------------------------------------------    -------------------
    SLICE_X2Y28          FDRE (Prop_fdre_C_Q)         0.164     1.632 f  rst_db/pbout_reg/Q
                         net (fo=47, routed)          0.241     1.873    rst
    SLICE_X2Y27          FDCE                                         f  clk_div_reg[6]/CLR
  -------------------------------------------------------------------    -------------------

                         (clock sys_clk_pin rise edge)
                                                      0.000     0.000 r  
    W5                                                0.000     0.000 r  clk (IN)
                         net (fo=0)                   0.000     0.000    clk
    W5                   IBUF (Prop_ibuf_I_O)         0.414     0.414 r  clk_IBUF_inst/O
                         net (fo=1, routed)           0.685     1.099    clk_IBUF
    BUFGCTRL_X0Y0        BUFG (Prop_bufg_I_O)         0.029     1.128 r  clk_IBUF_BUFG_inst/O
                         net (fo=71, routed)          0.853     1.980    clk_IBUF_BUFG
    SLICE_X2Y27          FDCE                                         r  clk_div_reg[6]/C
                         clock pessimism             -0.499     1.481    
    SLICE_X2Y27          FDCE (Remov_fdce_C_CLR)     -0.067     1.414    clk_div_reg[6]
  -------------------------------------------------------------------
                         required time                         -1.414    
                         arrival time                           1.873    
  -------------------------------------------------------------------
                         slack                                  0.459    

Slack (MET) :             0.459ns  (arrival time - required time)
  Source:                 rst_db/pbout_reg/C
                            (rising edge-triggered cell FDRE clocked by sys_clk_pin  {rise@0.000ns fall@5.000ns period=10.000ns})
  Destination:            clk_div_reg[8]/CLR
                            (removal check against rising-edge clock sys_clk_pin  {rise@0.000ns fall@5.000ns period=10.000ns})
  Path Group:             **async_default**
  Path Type:              Removal (Min at Fast Process Corner)
  Requirement:            0.000ns  (sys_clk_pin rise@0.000ns - sys_clk_pin rise@0.000ns)
  Data Path Delay:        0.405ns  (logic 0.164ns (40.530%)  route 0.241ns (59.470%))
  Logic Levels:           0  
  Clock Path Skew:        0.013ns (DCD - SCD - CPR)
    Destination Clock Delay (DCD):    1.980ns
    Source Clock Delay      (SCD):    1.468ns
    Clock Pessimism Removal (CPR):    0.499ns

    Location             Delay type                Incr(ns)  Path(ns)    Netlist Resource(s)
  -------------------------------------------------------------------    -------------------
                         (clock sys_clk_pin rise edge)
                                                      0.000     0.000 r  
    W5                                                0.000     0.000 r  clk (IN)
                         net (fo=0)                   0.000     0.000    clk
    W5                   IBUF (Prop_ibuf_I_O)         0.226     0.226 r  clk_IBUF_inst/O
                         net (fo=1, routed)           0.631     0.858    clk_IBUF
    BUFGCTRL_X0Y0        BUFG (Prop_bufg_I_O)         0.026     0.884 r  clk_IBUF_BUFG_inst/O
                         net (fo=71, routed)          0.585     1.468    rst_db/clk_IBUF_BUFG
    SLICE_X2Y28          FDRE                                         r  rst_db/pbout_reg/C
  -------------------------------------------------------------------    -------------------
    SLICE_X2Y28          FDRE (Prop_fdre_C_Q)         0.164     1.632 f  rst_db/pbout_reg/Q
                         net (fo=47, routed)          0.241     1.873    rst
    SLICE_X2Y27          FDCE                                         f  clk_div_reg[8]/CLR
  -------------------------------------------------------------------    -------------------

                         (clock sys_clk_pin rise edge)
                                                      0.000     0.000 r  
    W5                                                0.000     0.000 r  clk (IN)
                         net (fo=0)                   0.000     0.000    clk
    W5                   IBUF (Prop_ibuf_I_O)         0.414     0.414 r  clk_IBUF_inst/O
                         net (fo=1, routed)           0.685     1.099    clk_IBUF
    BUFGCTRL_X0Y0        BUFG (Prop_bufg_I_O)         0.029     1.128 r  clk_IBUF_BUFG_inst/O
                         net (fo=71, routed)          0.853     1.980    clk_IBUF_BUFG
    SLICE_X2Y27          FDCE                                         r  clk_div_reg[8]/C
                         clock pessimism             -0.499     1.481    
    SLICE_X2Y27          FDCE (Remov_fdce_C_CLR)     -0.067     1.414    clk_div_reg[8]
  -------------------------------------------------------------------
                         required time                         -1.414    
                         arrival time                           1.873    
  -------------------------------------------------------------------
                         slack                                  0.459    

Slack (MET) :             0.497ns  (arrival time - required time)
  Source:                 rst_db/pbout_reg/C
                            (rising edge-triggered cell FDRE clocked by sys_clk_pin  {rise@0.000ns fall@5.000ns period=10.000ns})
  Destination:            clk_div_reg[10]/CLR
                            (removal check against rising-edge clock sys_clk_pin  {rise@0.000ns fall@5.000ns period=10.000ns})
  Path Group:             **async_default**
  Path Type:              Removal (Min at Fast Process Corner)
  Requirement:            0.000ns  (sys_clk_pin rise@0.000ns - sys_clk_pin rise@0.000ns)
  Data Path Delay:        0.445ns  (logic 0.164ns (36.890%)  route 0.281ns (63.110%))
  Logic Levels:           0  
  Clock Path Skew:        0.015ns (DCD - SCD - CPR)
    Destination Clock Delay (DCD):    1.982ns
    Source Clock Delay      (SCD):    1.468ns
    Clock Pessimism Removal (CPR):    0.499ns

    Location             Delay type                Incr(ns)  Path(ns)    Netlist Resource(s)
  -------------------------------------------------------------------    -------------------
                         (clock sys_clk_pin rise edge)
                                                      0.000     0.000 r  
    W5                                                0.000     0.000 r  clk (IN)
                         net (fo=0)                   0.000     0.000    clk
    W5                   IBUF (Prop_ibuf_I_O)         0.226     0.226 r  clk_IBUF_inst/O
                         net (fo=1, routed)           0.631     0.858    clk_IBUF
    BUFGCTRL_X0Y0        BUFG (Prop_bufg_I_O)         0.026     0.884 r  clk_IBUF_BUFG_inst/O
                         net (fo=71, routed)          0.585     1.468    rst_db/clk_IBUF_BUFG
    SLICE_X2Y28          FDRE                                         r  rst_db/pbout_reg/C
  -------------------------------------------------------------------    -------------------
    SLICE_X2Y28          FDRE (Prop_fdre_C_Q)         0.164     1.632 f  rst_db/pbout_reg/Q
                         net (fo=47, routed)          0.281     1.913    rst
    SLICE_X2Y29          FDCE                                         f  clk_div_reg[10]/CLR
  -------------------------------------------------------------------    -------------------

                         (clock sys_clk_pin rise edge)
                                                      0.000     0.000 r  
    W5                                                0.000     0.000 r  clk (IN)
                         net (fo=0)                   0.000     0.000    clk
    W5                   IBUF (Prop_ibuf_I_O)         0.414     0.414 r  clk_IBUF_inst/O
                         net (fo=1, routed)           0.685     1.099    clk_IBUF
    BUFGCTRL_X0Y0        BUFG (Prop_bufg_I_O)         0.029     1.128 r  clk_IBUF_BUFG_inst/O
                         net (fo=71, routed)          0.855     1.982    clk_IBUF_BUFG
    SLICE_X2Y29          FDCE                                         r  clk_div_reg[10]/C
                         clock pessimism             -0.499     1.483    
    SLICE_X2Y29          FDCE (Remov_fdce_C_CLR)     -0.067     1.416    clk_div_reg[10]
  -------------------------------------------------------------------
                         required time                         -1.416    
                         arrival time                           1.913    
  -------------------------------------------------------------------
                         slack                                  0.497    

Slack (MET) :             0.497ns  (arrival time - required time)
  Source:                 rst_db/pbout_reg/C
                            (rising edge-triggered cell FDRE clocked by sys_clk_pin  {rise@0.000ns fall@5.000ns period=10.000ns})
  Destination:            clk_div_reg[11]/CLR
                            (removal check against rising-edge clock sys_clk_pin  {rise@0.000ns fall@5.000ns period=10.000ns})
  Path Group:             **async_default**
  Path Type:              Removal (Min at Fast Process Corner)
  Requirement:            0.000ns  (sys_clk_pin rise@0.000ns - sys_clk_pin rise@0.000ns)
  Data Path Delay:        0.445ns  (logic 0.164ns (36.890%)  route 0.281ns (63.110%))
  Logic Levels:           0  
  Clock Path Skew:        0.015ns (DCD - SCD - CPR)
    Destination Clock Delay (DCD):    1.982ns
    Source Clock Delay      (SCD):    1.468ns
    Clock Pessimism Removal (CPR):    0.499ns

    Location             Delay type                Incr(ns)  Path(ns)    Netlist Resource(s)
  -------------------------------------------------------------------    -------------------
                         (clock sys_clk_pin rise edge)
                                                      0.000     0.000 r  
    W5                                                0.000     0.000 r  clk (IN)
                         net (fo=0)                   0.000     0.000    clk
    W5                   IBUF (Prop_ibuf_I_O)         0.226     0.226 r  clk_IBUF_inst/O
                         net (fo=1, routed)           0.631     0.858    clk_IBUF
    BUFGCTRL_X0Y0        BUFG (Prop_bufg_I_O)         0.026     0.884 r  clk_IBUF_BUFG_inst/O
                         net (fo=71, routed)          0.585     1.468    rst_db/clk_IBUF_BUFG
    SLICE_X2Y28          FDRE                                         r  rst_db/pbout_reg/C
  -------------------------------------------------------------------    -------------------
    SLICE_X2Y28          FDRE (Prop_fdre_C_Q)         0.164     1.632 f  rst_db/pbout_reg/Q
                         net (fo=47, routed)          0.281     1.913    rst
    SLICE_X2Y29          FDCE                                         f  clk_div_reg[11]/CLR
  -------------------------------------------------------------------    -------------------

                         (clock sys_clk_pin rise edge)
                                                      0.000     0.000 r  
    W5                                                0.000     0.000 r  clk (IN)
                         net (fo=0)                   0.000     0.000    clk
    W5                   IBUF (Prop_ibuf_I_O)         0.414     0.414 r  clk_IBUF_inst/O
                         net (fo=1, routed)           0.685     1.099    clk_IBUF
    BUFGCTRL_X0Y0        BUFG (Prop_bufg_I_O)         0.029     1.128 r  clk_IBUF_BUFG_inst/O
                         net (fo=71, routed)          0.855     1.982    clk_IBUF_BUFG
    SLICE_X2Y29          FDCE                                         r  clk_div_reg[11]/C
                         clock pessimism             -0.499     1.483    
    SLICE_X2Y29          FDCE (Remov_fdce_C_CLR)     -0.067     1.416    clk_div_reg[11]
  -------------------------------------------------------------------
                         required time                         -1.416    
                         arrival time                           1.913    
  -------------------------------------------------------------------
                         slack                                  0.497    

Slack (MET) :             0.497ns  (arrival time - required time)
  Source:                 rst_db/pbout_reg/C
                            (rising edge-triggered cell FDRE clocked by sys_clk_pin  {rise@0.000ns fall@5.000ns period=10.000ns})
  Destination:            clk_div_reg[12]/CLR
                            (removal check against rising-edge clock sys_clk_pin  {rise@0.000ns fall@5.000ns period=10.000ns})
  Path Group:             **async_default**
  Path Type:              Removal (Min at Fast Process Corner)
  Requirement:            0.000ns  (sys_clk_pin rise@0.000ns - sys_clk_pin rise@0.000ns)
  Data Path Delay:        0.445ns  (logic 0.164ns (36.890%)  route 0.281ns (63.110%))
  Logic Levels:           0  
  Clock Path Skew:        0.015ns (DCD - SCD - CPR)
    Destination Clock Delay (DCD):    1.982ns
    Source Clock Delay      (SCD):    1.468ns
    Clock Pessimism Removal (CPR):    0.499ns

    Location             Delay type                Incr(ns)  Path(ns)    Netlist Resource(s)
  -------------------------------------------------------------------    -------------------
                         (clock sys_clk_pin rise edge)
                                                      0.000     0.000 r  
    W5                                                0.000     0.000 r  clk (IN)
                         net (fo=0)                   0.000     0.000    clk
    W5                   IBUF (Prop_ibuf_I_O)         0.226     0.226 r  clk_IBUF_inst/O
                         net (fo=1, routed)           0.631     0.858    clk_IBUF
    BUFGCTRL_X0Y0        BUFG (Prop_bufg_I_O)         0.026     0.884 r  clk_IBUF_BUFG_inst/O
                         net (fo=71, routed)          0.585     1.468    rst_db/clk_IBUF_BUFG
    SLICE_X2Y28          FDRE                                         r  rst_db/pbout_reg/C
  -------------------------------------------------------------------    -------------------
    SLICE_X2Y28          FDRE (Prop_fdre_C_Q)         0.164     1.632 f  rst_db/pbout_reg/Q
                         net (fo=47, routed)          0.281     1.913    rst
    SLICE_X2Y29          FDCE                                         f  clk_div_reg[12]/CLR
  -------------------------------------------------------------------    -------------------

                         (clock sys_clk_pin rise edge)
                                                      0.000     0.000 r  
    W5                                                0.000     0.000 r  clk (IN)
                         net (fo=0)                   0.000     0.000    clk
    W5                   IBUF (Prop_ibuf_I_O)         0.414     0.414 r  clk_IBUF_inst/O
                         net (fo=1, routed)           0.685     1.099    clk_IBUF
    BUFGCTRL_X0Y0        BUFG (Prop_bufg_I_O)         0.029     1.128 r  clk_IBUF_BUFG_inst/O
                         net (fo=71, routed)          0.855     1.982    clk_IBUF_BUFG
    SLICE_X2Y29          FDCE                                         r  clk_div_reg[12]/C
                         clock pessimism             -0.499     1.483    
    SLICE_X2Y29          FDCE (Remov_fdce_C_CLR)     -0.067     1.416    clk_div_reg[12]
  -------------------------------------------------------------------
                         required time                         -1.416    
                         arrival time                           1.913    
  -------------------------------------------------------------------
                         slack                                  0.497    

Slack (MET) :             0.497ns  (arrival time - required time)
  Source:                 rst_db/pbout_reg/C
                            (rising edge-triggered cell FDRE clocked by sys_clk_pin  {rise@0.000ns fall@5.000ns period=10.000ns})
  Destination:            clk_div_reg[5]/CLR
                            (removal check against rising-edge clock sys_clk_pin  {rise@0.000ns fall@5.000ns period=10.000ns})
  Path Group:             **async_default**
  Path Type:              Removal (Min at Fast Process Corner)
  Requirement:            0.000ns  (sys_clk_pin rise@0.000ns - sys_clk_pin rise@0.000ns)
  Data Path Delay:        0.445ns  (logic 0.164ns (36.890%)  route 0.281ns (63.110%))
  Logic Levels:           0  
  Clock Path Skew:        0.015ns (DCD - SCD - CPR)
    Destination Clock Delay (DCD):    1.982ns
    Source Clock Delay      (SCD):    1.468ns
    Clock Pessimism Removal (CPR):    0.499ns

    Location             Delay type                Incr(ns)  Path(ns)    Netlist Resource(s)
  -------------------------------------------------------------------    -------------------
                         (clock sys_clk_pin rise edge)
                                                      0.000     0.000 r  
    W5                                                0.000     0.000 r  clk (IN)
                         net (fo=0)                   0.000     0.000    clk
    W5                   IBUF (Prop_ibuf_I_O)         0.226     0.226 r  clk_IBUF_inst/O
                         net (fo=1, routed)           0.631     0.858    clk_IBUF
    BUFGCTRL_X0Y0        BUFG (Prop_bufg_I_O)         0.026     0.884 r  clk_IBUF_BUFG_inst/O
                         net (fo=71, routed)          0.585     1.468    rst_db/clk_IBUF_BUFG
    SLICE_X2Y28          FDRE                                         r  rst_db/pbout_reg/C
  -------------------------------------------------------------------    -------------------
    SLICE_X2Y28          FDRE (Prop_fdre_C_Q)         0.164     1.632 f  rst_db/pbout_reg/Q
                         net (fo=47, routed)          0.281     1.913    rst
    SLICE_X2Y29          FDCE                                         f  clk_div_reg[5]/CLR
  -------------------------------------------------------------------    -------------------

                         (clock sys_clk_pin rise edge)
                                                      0.000     0.000 r  
    W5                                                0.000     0.000 r  clk (IN)
                         net (fo=0)                   0.000     0.000    clk
    W5                   IBUF (Prop_ibuf_I_O)         0.414     0.414 r  clk_IBUF_inst/O
                         net (fo=1, routed)           0.685     1.099    clk_IBUF
    BUFGCTRL_X0Y0        BUFG (Prop_bufg_I_O)         0.029     1.128 r  clk_IBUF_BUFG_inst/O
                         net (fo=71, routed)          0.855     1.982    clk_IBUF_BUFG
    SLICE_X2Y29          FDCE                                         r  clk_div_reg[5]/C
                         clock pessimism             -0.499     1.483    
    SLICE_X2Y29          FDCE (Remov_fdce_C_CLR)     -0.067     1.416    clk_div_reg[5]
  -------------------------------------------------------------------
                         required time                         -1.416    
                         arrival time                           1.913    
  -------------------------------------------------------------------
                         slack                                  0.497    





