Copyright 1986-2020 Xilinx, Inc. All Rights Reserved.
--------------------------------------------------------------------------------------------------------------------------------------------------------------------------------------------------------------------------
| Tool Version : Vivado v.2020.1 (win64) Build 2902540 Wed May 27 19:54:49 MDT 2020
| Date         : Mon Apr 20 15:27:10 2026
| Host         : HU-DOPX-ML26 running 64-bit major release  (build 9200)
| Command      : report_timing_summary -max_paths 10 -file TopLevelProcessor_timing_summary_routed.rpt -pb TopLevelProcessor_timing_summary_routed.pb -rpx TopLevelProcessor_timing_summary_routed.rpx -warn_on_violation
| Design       : TopLevelProcessor
| Device       : 7a35t-cpg236
| Speed File   : -1  PRODUCTION 1.23 2018-06-13
--------------------------------------------------------------------------------------------------------------------------------------------------------------------------------------------------------------------------

Timing Summary Report

------------------------------------------------------------------------------------------------
| Timer Settings
| --------------
------------------------------------------------------------------------------------------------

  Enable Multi Corner Analysis               :  Yes
  Enable Pessimism Removal                   :  Yes
  Pessimism Removal Resolution               :  Nearest Common Node
  Enable Input Delay Default Clock           :  No
  Enable Preset / Clear Arcs                 :  No
  Disable Flight Delays                      :  No
  Ignore I/O Paths                           :  No
  Timing Early Launch at Borrowing Latches   :  No
  Borrow Time for Max Delay Exceptions       :  Yes
  Merge Timing Exceptions                    :  Yes

  Corner  Analyze    Analyze    
  Name    Max Paths  Min Paths  
  ------  ---------  ---------  
  Slow    Yes        Yes        
  Fast    Yes        Yes        



check_timing report

Table of Contents
-----------------
1. checking no_clock (0)
2. checking constant_clock (0)
3. checking pulse_width_clock (0)
4. checking unconstrained_internal_endpoints (0)
5. checking no_input_delay (1)
6. checking no_output_delay (16)
7. checking multiple_clock (0)
8. checking generated_clocks (0)
9. checking loops (0)
10. checking partial_input_delay (0)
11. checking partial_output_delay (0)
12. checking latch_loops (0)

1. checking no_clock (0)
------------------------
 There are 0 register/latch pins with no clock.


2. checking constant_clock (0)
------------------------------
 There are 0 register/latch pins with constant_clock.


3. checking pulse_width_clock (0)
---------------------------------
 There are 0 register/latch pins which need pulse_width check


4. checking unconstrained_internal_endpoints (0)
------------------------------------------------
 There are 0 pins that are not constrained for maximum delay.

 There are 0 pins that are not constrained for maximum delay due to constant clock.


5. checking no_input_delay (1)
------------------------------
 There is 1 input port with no input delay specified. (HIGH)

 There are 0 input ports with no input delay but user has a false path constraint.


6. checking no_output_delay (16)
--------------------------------
 There are 16 ports with no output delay specified. (HIGH)

 There are 0 ports with no output delay but user has a false path constraint

 There are 0 ports with no output delay but with a timing clock defined on it or propagating through it


7. checking multiple_clock (0)
------------------------------
 There are 0 register/latch pins with multiple clocks.


8. checking generated_clocks (0)
--------------------------------
 There are 0 generated clocks that are not connected to a clock source.


9. checking loops (0)
---------------------
 There are 0 combinational loops in the design.


10. checking partial_input_delay (0)
------------------------------------
 There are 0 input ports with partial input delay specified.


11. checking partial_output_delay (0)
-------------------------------------
 There are 0 ports with partial output delay specified.


12. checking latch_loops (0)
----------------------------
 There are 0 combinational latch loops in the design through latch input



------------------------------------------------------------------------------------------------
| Design Timing Summary
| ---------------------
------------------------------------------------------------------------------------------------

    WNS(ns)      TNS(ns)  TNS Failing Endpoints  TNS Total Endpoints      WHS(ns)      THS(ns)  THS Failing Endpoints  THS Total Endpoints     WPWS(ns)     TPWS(ns)  TPWS Failing Endpoints  TPWS Total Endpoints  
    -------      -------  ---------------------  -------------------      -------      -------  ---------------------  -------------------     --------     --------  ----------------------  --------------------  
      0.425        0.000                      0                 4556        0.380        0.000                      0                 4556        8.750        0.000                       0                  1261  


All user specified timing constraints are met.


------------------------------------------------------------------------------------------------
| Clock Summary
| -------------
------------------------------------------------------------------------------------------------

Clock        Waveform(ns)       Period(ns)      Frequency(MHz)
-----        ------------       ----------      --------------
sys_clk_pin  {0.000 10.000}     20.000          50.000          


------------------------------------------------------------------------------------------------
| Intra Clock Table
| -----------------
------------------------------------------------------------------------------------------------

Clock             WNS(ns)      TNS(ns)  TNS Failing Endpoints  TNS Total Endpoints      WHS(ns)      THS(ns)  THS Failing Endpoints  THS Total Endpoints     WPWS(ns)     TPWS(ns)  TPWS Failing Endpoints  TPWS Total Endpoints  
-----             -------      -------  ---------------------  -------------------      -------      -------  ---------------------  -------------------     --------     --------  ----------------------  --------------------  
sys_clk_pin         0.425        0.000                      0                 4556        0.380        0.000                      0                 4556        8.750        0.000                       0                  1261  


------------------------------------------------------------------------------------------------
| Inter Clock Table
| -----------------
------------------------------------------------------------------------------------------------

From Clock    To Clock          WNS(ns)      TNS(ns)  TNS Failing Endpoints  TNS Total Endpoints      WHS(ns)      THS(ns)  THS Failing Endpoints  THS Total Endpoints  
----------    --------          -------      -------  ---------------------  -------------------      -------      -------  ---------------------  -------------------  


------------------------------------------------------------------------------------------------
| Other Path Groups Table
| -----------------------
------------------------------------------------------------------------------------------------

Path Group    From Clock    To Clock          WNS(ns)      TNS(ns)  TNS Failing Endpoints  TNS Total Endpoints      WHS(ns)      THS(ns)  THS Failing Endpoints  THS Total Endpoints  
----------    ----------    --------          -------      -------  ---------------------  -------------------      -------      -------  ---------------------  -------------------  


------------------------------------------------------------------------------------------------
| Timing Details
| --------------
------------------------------------------------------------------------------------------------


---------------------------------------------------------------------------------------------------
From Clock:  sys_clk_pin
  To Clock:  sys_clk_pin

Setup :            0  Failing Endpoints,  Worst Slack        0.425ns,  Total Violation        0.000ns
Hold  :            0  Failing Endpoints,  Worst Slack        0.380ns,  Total Violation        0.000ns
PW    :            0  Failing Endpoints,  Worst Slack        8.750ns,  Total Violation        0.000ns
---------------------------------------------------------------------------------------------------


Max Delay Paths
--------------------------------------------------------------------------------------
Slack (MET) :             0.425ns  (required time - arrival time)
  Source:                 pc_inst/PC_out_reg[5]/C
                            (rising edge-triggered cell FDCE clocked by sys_clk_pin  {rise@0.000ns fall@10.000ns period=20.000ns})
  Destination:            pc_inst/PC_out_reg[9]/D
                            (rising edge-triggered cell FDCE clocked by sys_clk_pin  {rise@0.000ns fall@10.000ns period=20.000ns})
  Path Group:             sys_clk_pin
  Path Type:              Setup (Max at Slow Process Corner)
  Requirement:            20.000ns  (sys_clk_pin rise@20.000ns - sys_clk_pin rise@0.000ns)
  Data Path Delay:        19.457ns  (logic 3.518ns (18.081%)  route 15.939ns (81.919%))
  Logic Levels:           21  (LUT5=4 LUT6=17)
  Clock Path Skew:        -0.035ns (DCD - SCD + CPR)
    Destination Clock Delay (DCD):    4.831ns = ( 24.831 - 20.000 ) 
    Source Clock Delay      (SCD):    5.124ns
    Clock Pessimism Removal (CPR):    0.258ns
  Clock Uncertainty:      0.035ns  ((TSJ^2 + TIJ^2)^1/2 + DJ) / 2 + PE
    Total System Jitter     (TSJ):    0.071ns
    Total Input Jitter      (TIJ):    0.000ns
    Discrete Jitter          (DJ):    0.000ns
    Phase Error              (PE):    0.000ns

    Location             Delay type                Incr(ns)  Path(ns)    Netlist Resource(s)
  -------------------------------------------------------------------    -------------------
                         (clock sys_clk_pin rise edge)
                                                      0.000     0.000 r  
    W5                                                0.000     0.000 r  clk (IN)
                         net (fo=0)                   0.000     0.000    clk
    W5                   IBUF (Prop_ibuf_I_O)         1.458     1.458 r  clk_IBUF_inst/O
                         net (fo=1, routed)           1.967     3.425    clk_IBUF
    BUFGCTRL_X0Y0        BUFG (Prop_bufg_I_O)         0.096     3.521 r  clk_IBUF_BUFG_inst/O
                         net (fo=1260, routed)        1.603     5.124    pc_inst/clk_IBUF_BUFG
    SLICE_X7Y74          FDCE                                         r  pc_inst/PC_out_reg[5]/C
  -------------------------------------------------------------------    -------------------
    SLICE_X7Y74          FDCE (Prop_fdce_C_Q)         0.456     5.580 r  pc_inst/PC_out_reg[5]/Q
                         net (fo=219, routed)         1.751     7.330    pc_inst/Q[5]
    SLICE_X12Y77         LUT5 (Prop_lut5_I0_O)        0.150     7.480 r  pc_inst/out_carry__1_i_23/O
                         net (fo=4, routed)           0.765     8.245    imem/p_0_out_inferred__2/out_carry__0_i_16_0
    SLICE_X15Y80         LUT6 (Prop_lut6_I4_O)        0.328     8.573 r  imem/p_0_out_inferred__2/out_carry__0_i_36/O
                         net (fo=1, routed)           0.593     9.166    imem/p_0_out_inferred__2/out_carry__0_i_36_n_0
    SLICE_X15Y79         LUT6 (Prop_lut6_I5_O)        0.124     9.290 r  imem/p_0_out_inferred__2/out_carry__0_i_16/O
                         net (fo=257, routed)         2.116    11.406    rf/instruction[9]
    SLICE_X4Y52          LUT6 (Prop_lut6_I4_O)        0.124    11.530 f  rf/mem_reg_0_255_0_0_i_13/O
                         net (fo=2, routed)           0.929    12.459    rf/mem_reg_0_255_0_0_i_13_n_0
    SLICE_X4Y52          LUT6 (Prop_lut6_I1_O)        0.124    12.583 f  rf/probe_out_OBUF[0]_inst_i_6/O
                         net (fo=1, routed)           0.686    13.269    pc_inst/probe_out_OBUF[2]_inst_i_2_1
    SLICE_X5Y56          LUT5 (Prop_lut5_I1_O)        0.124    13.393 r  pc_inst/probe_out_OBUF[0]_inst_i_3/O
                         net (fo=4, routed)           0.644    14.037    pc_inst/probe_out_OBUF[0]_inst_i_3_n_0
    SLICE_X5Y58          LUT5 (Prop_lut5_I3_O)        0.150    14.187 f  pc_inst/probe_out_OBUF[2]_inst_i_2/O
                         net (fo=5, routed)           0.771    14.958    pc_inst/probe_out_OBUF[2]_inst_i_2_n_0
    SLICE_X3Y60          LUT6 (Prop_lut6_I5_O)        0.326    15.284 r  pc_inst/probe_out_OBUF[9]_inst_i_14/O
                         net (fo=1, routed)           0.302    15.586    rf/regs[1][18]_i_23
    SLICE_X5Y60          LUT6 (Prop_lut6_I1_O)        0.124    15.710 f  rf/probe_out_OBUF[9]_inst_i_5/O
                         net (fo=2, routed)           0.564    16.275    pc_inst/regs[1][18]_i_22_0
    SLICE_X7Y60          LUT6 (Prop_lut6_I5_O)        0.124    16.399 r  pc_inst/regs[1][18]_i_23/O
                         net (fo=1, routed)           0.539    16.937    pc_inst/regs[1][18]_i_23_n_0
    SLICE_X8Y59          LUT6 (Prop_lut6_I3_O)        0.124    17.061 f  pc_inst/regs[1][18]_i_22/O
                         net (fo=2, routed)           0.659    17.720    rf/regs[1][21]_i_20_0
    SLICE_X9Y59          LUT6 (Prop_lut6_I2_O)        0.124    17.844 r  rf/regs[1][21]_i_21/O
                         net (fo=1, routed)           0.290    18.134    rf/regs[1][21]_i_21_n_0
    SLICE_X9Y58          LUT6 (Prop_lut6_I1_O)        0.124    18.258 f  rf/regs[1][21]_i_20/O
                         net (fo=2, routed)           0.455    18.712    pc_inst/regs[1][27]_i_22_0
    SLICE_X11Y59         LUT6 (Prop_lut6_I5_O)        0.124    18.836 r  pc_inst/regs[1][27]_i_23/O
                         net (fo=1, routed)           0.546    19.383    pc_inst/regs[1][27]_i_23_n_0
    SLICE_X11Y62         LUT6 (Prop_lut6_I3_O)        0.124    19.507 f  pc_inst/regs[1][27]_i_22/O
                         net (fo=2, routed)           0.415    19.922    rf/regs[1][27]_i_5_0
    SLICE_X11Y63         LUT6 (Prop_lut6_I2_O)        0.124    20.046 r  rf/regs[1][27]_i_11/O
                         net (fo=1, routed)           0.404    20.450    rf/regs[1][27]_i_11_n_0
    SLICE_X11Y64         LUT6 (Prop_lut6_I1_O)        0.124    20.574 f  rf/regs[1][27]_i_5/O
                         net (fo=2, routed)           0.448    21.021    pc_inst/regs_reg[1][27]_2
    SLICE_X11Y66         LUT6 (Prop_lut6_I3_O)        0.124    21.145 f  pc_inst/regs[1][29]_i_3/O
                         net (fo=3, routed)           0.665    21.810    pc_inst/regs[1][29]_i_3_n_0
    SLICE_X7Y66          LUT6 (Prop_lut6_I4_O)        0.124    21.934 r  pc_inst/regs[1][31]_i_12/O
                         net (fo=1, routed)           0.548    22.482    pc_inst/regs[1][31]_i_12_n_0
    SLICE_X7Y64          LUT6 (Prop_lut6_I0_O)        0.124    22.606 r  pc_inst/regs[1][31]_i_7/O
                         net (fo=13, routed)          1.293    23.899    pc_inst/regs[1][31]_i_7_n_0
    SLICE_X7Y75          LUT5 (Prop_lut5_I1_O)        0.124    24.023 r  pc_inst/PC_out[9]_i_1/O
                         net (fo=1, routed)           0.558    24.581    pc_inst/pc_next[9]
    SLICE_X7Y75          FDCE                                         r  pc_inst/PC_out_reg[9]/D
  -------------------------------------------------------------------    -------------------

                         (clock sys_clk_pin rise edge)
                                                     20.000    20.000 r  
    W5                                                0.000    20.000 r  clk (IN)
                         net (fo=0)                   0.000    20.000    clk
    W5                   IBUF (Prop_ibuf_I_O)         1.388    21.388 r  clk_IBUF_inst/O
                         net (fo=1, routed)           1.862    23.250    clk_IBUF
    BUFGCTRL_X0Y0        BUFG (Prop_bufg_I_O)         0.091    23.341 r  clk_IBUF_BUFG_inst/O
                         net (fo=1260, routed)        1.490    24.831    pc_inst/clk_IBUF_BUFG
    SLICE_X7Y75          FDCE                                         r  pc_inst/PC_out_reg[9]/C
                         clock pessimism              0.258    25.089    
                         clock uncertainty           -0.035    25.054    
    SLICE_X7Y75          FDCE (Setup_fdce_C_D)       -0.047    25.007    pc_inst/PC_out_reg[9]
  -------------------------------------------------------------------
                         required time                         25.007    
                         arrival time                         -24.581    
  -------------------------------------------------------------------
                         slack                                  0.425    

Slack (MET) :             0.457ns  (required time - arrival time)
  Source:                 pc_inst/PC_out_reg[5]/C
                            (rising edge-triggered cell FDCE clocked by sys_clk_pin  {rise@0.000ns fall@10.000ns period=20.000ns})
  Destination:            pc_inst/PC_out_reg[3]/D
                            (rising edge-triggered cell FDCE clocked by sys_clk_pin  {rise@0.000ns fall@10.000ns period=20.000ns})
  Path Group:             sys_clk_pin
  Path Type:              Setup (Max at Slow Process Corner)
  Requirement:            20.000ns  (sys_clk_pin rise@20.000ns - sys_clk_pin rise@0.000ns)
  Data Path Delay:        19.392ns  (logic 3.518ns (18.142%)  route 15.874ns (81.858%))
  Logic Levels:           21  (LUT5=4 LUT6=17)
  Clock Path Skew:        -0.100ns (DCD - SCD + CPR)
    Destination Clock Delay (DCD):    4.766ns = ( 24.766 - 20.000 ) 
    Source Clock Delay      (SCD):    5.124ns
    Clock Pessimism Removal (CPR):    0.258ns
  Clock Uncertainty:      0.035ns  ((TSJ^2 + TIJ^2)^1/2 + DJ) / 2 + PE
    Total System Jitter     (TSJ):    0.071ns
    Total Input Jitter      (TIJ):    0.000ns
    Discrete Jitter          (DJ):    0.000ns
    Phase Error              (PE):    0.000ns

    Location             Delay type                Incr(ns)  Path(ns)    Netlist Resource(s)
  -------------------------------------------------------------------    -------------------
                         (clock sys_clk_pin rise edge)
                                                      0.000     0.000 r  
    W5                                                0.000     0.000 r  clk (IN)
                         net (fo=0)                   0.000     0.000    clk
    W5                   IBUF (Prop_ibuf_I_O)         1.458     1.458 r  clk_IBUF_inst/O
                         net (fo=1, routed)           1.967     3.425    clk_IBUF
    BUFGCTRL_X0Y0        BUFG (Prop_bufg_I_O)         0.096     3.521 r  clk_IBUF_BUFG_inst/O
                         net (fo=1260, routed)        1.603     5.124    pc_inst/clk_IBUF_BUFG
    SLICE_X7Y74          FDCE                                         r  pc_inst/PC_out_reg[5]/C
  -------------------------------------------------------------------    -------------------
    SLICE_X7Y74          FDCE (Prop_fdce_C_Q)         0.456     5.580 r  pc_inst/PC_out_reg[5]/Q
                         net (fo=219, routed)         1.751     7.330    pc_inst/Q[5]
    SLICE_X12Y77         LUT5 (Prop_lut5_I0_O)        0.150     7.480 r  pc_inst/out_carry__1_i_23/O
                         net (fo=4, routed)           0.765     8.245    imem/p_0_out_inferred__2/out_carry__0_i_16_0
    SLICE_X15Y80         LUT6 (Prop_lut6_I4_O)        0.328     8.573 r  imem/p_0_out_inferred__2/out_carry__0_i_36/O
                         net (fo=1, routed)           0.593     9.166    imem/p_0_out_inferred__2/out_carry__0_i_36_n_0
    SLICE_X15Y79         LUT6 (Prop_lut6_I5_O)        0.124     9.290 r  imem/p_0_out_inferred__2/out_carry__0_i_16/O
                         net (fo=257, routed)         2.116    11.406    rf/instruction[9]
    SLICE_X4Y52          LUT6 (Prop_lut6_I4_O)        0.124    11.530 f  rf/mem_reg_0_255_0_0_i_13/O
                         net (fo=2, routed)           0.929    12.459    rf/mem_reg_0_255_0_0_i_13_n_0
    SLICE_X4Y52          LUT6 (Prop_lut6_I1_O)        0.124    12.583 f  rf/probe_out_OBUF[0]_inst_i_6/O
                         net (fo=1, routed)           0.686    13.269    pc_inst/probe_out_OBUF[2]_inst_i_2_1
    SLICE_X5Y56          LUT5 (Prop_lut5_I1_O)        0.124    13.393 r  pc_inst/probe_out_OBUF[0]_inst_i_3/O
                         net (fo=4, routed)           0.644    14.037    pc_inst/probe_out_OBUF[0]_inst_i_3_n_0
    SLICE_X5Y58          LUT5 (Prop_lut5_I3_O)        0.150    14.187 f  pc_inst/probe_out_OBUF[2]_inst_i_2/O
                         net (fo=5, routed)           0.771    14.958    pc_inst/probe_out_OBUF[2]_inst_i_2_n_0
    SLICE_X3Y60          LUT6 (Prop_lut6_I5_O)        0.326    15.284 r  pc_inst/probe_out_OBUF[9]_inst_i_14/O
                         net (fo=1, routed)           0.302    15.586    rf/regs[1][18]_i_23
    SLICE_X5Y60          LUT6 (Prop_lut6_I1_O)        0.124    15.710 f  rf/probe_out_OBUF[9]_inst_i_5/O
                         net (fo=2, routed)           0.564    16.275    pc_inst/regs[1][18]_i_22_0
    SLICE_X7Y60          LUT6 (Prop_lut6_I5_O)        0.124    16.399 r  pc_inst/regs[1][18]_i_23/O
                         net (fo=1, routed)           0.539    16.937    pc_inst/regs[1][18]_i_23_n_0
    SLICE_X8Y59          LUT6 (Prop_lut6_I3_O)        0.124    17.061 f  pc_inst/regs[1][18]_i_22/O
                         net (fo=2, routed)           0.659    17.720    rf/regs[1][21]_i_20_0
    SLICE_X9Y59          LUT6 (Prop_lut6_I2_O)        0.124    17.844 r  rf/regs[1][21]_i_21/O
                         net (fo=1, routed)           0.290    18.134    rf/regs[1][21]_i_21_n_0
    SLICE_X9Y58          LUT6 (Prop_lut6_I1_O)        0.124    18.258 f  rf/regs[1][21]_i_20/O
                         net (fo=2, routed)           0.455    18.712    pc_inst/regs[1][27]_i_22_0
    SLICE_X11Y59         LUT6 (Prop_lut6_I5_O)        0.124    18.836 r  pc_inst/regs[1][27]_i_23/O
                         net (fo=1, routed)           0.546    19.383    pc_inst/regs[1][27]_i_23_n_0
    SLICE_X11Y62         LUT6 (Prop_lut6_I3_O)        0.124    19.507 f  pc_inst/regs[1][27]_i_22/O
                         net (fo=2, routed)           0.415    19.922    rf/regs[1][27]_i_5_0
    SLICE_X11Y63         LUT6 (Prop_lut6_I2_O)        0.124    20.046 r  rf/regs[1][27]_i_11/O
                         net (fo=1, routed)           0.404    20.450    rf/regs[1][27]_i_11_n_0
    SLICE_X11Y64         LUT6 (Prop_lut6_I1_O)        0.124    20.574 f  rf/regs[1][27]_i_5/O
                         net (fo=2, routed)           0.448    21.021    pc_inst/regs_reg[1][27]_2
    SLICE_X11Y66         LUT6 (Prop_lut6_I3_O)        0.124    21.145 f  pc_inst/regs[1][29]_i_3/O
                         net (fo=3, routed)           0.665    21.810    pc_inst/regs[1][29]_i_3_n_0
    SLICE_X7Y66          LUT6 (Prop_lut6_I4_O)        0.124    21.934 r  pc_inst/regs[1][31]_i_12/O
                         net (fo=1, routed)           0.548    22.482    pc_inst/regs[1][31]_i_12_n_0
    SLICE_X7Y64          LUT6 (Prop_lut6_I0_O)        0.124    22.606 r  pc_inst/regs[1][31]_i_7/O
                         net (fo=13, routed)          1.174    23.780    pc_inst/regs[1][31]_i_7_n_0
    SLICE_X8Y73          LUT5 (Prop_lut5_I1_O)        0.124    23.904 r  pc_inst/PC_out[3]_i_1/O
                         net (fo=1, routed)           0.612    24.516    pc_inst/pc_next[3]
    SLICE_X8Y73          FDCE                                         r  pc_inst/PC_out_reg[3]/D
  -------------------------------------------------------------------    -------------------

                         (clock sys_clk_pin rise edge)
                                                     20.000    20.000 r  
    W5                                                0.000    20.000 r  clk (IN)
                         net (fo=0)                   0.000    20.000    clk
    W5                   IBUF (Prop_ibuf_I_O)         1.388    21.388 r  clk_IBUF_inst/O
                         net (fo=1, routed)           1.862    23.250    clk_IBUF
    BUFGCTRL_X0Y0        BUFG (Prop_bufg_I_O)         0.091    23.341 r  clk_IBUF_BUFG_inst/O
                         net (fo=1260, routed)        1.425    24.766    pc_inst/clk_IBUF_BUFG
    SLICE_X8Y73          FDCE                                         r  pc_inst/PC_out_reg[3]/C
                         clock pessimism              0.258    25.024    
                         clock uncertainty           -0.035    24.989    
    SLICE_X8Y73          FDCE (Setup_fdce_C_D)       -0.016    24.973    pc_inst/PC_out_reg[3]
  -------------------------------------------------------------------
                         required time                         24.973    
                         arrival time                         -24.516    
  -------------------------------------------------------------------
                         slack                                  0.457    

Slack (MET) :             0.528ns  (required time - arrival time)
  Source:                 pc_inst/PC_out_reg[5]/C
                            (rising edge-triggered cell FDCE clocked by sys_clk_pin  {rise@0.000ns fall@10.000ns period=20.000ns})
  Destination:            pc_inst/PC_out_reg[6]/D
                            (rising edge-triggered cell FDCE clocked by sys_clk_pin  {rise@0.000ns fall@10.000ns period=20.000ns})
  Path Group:             sys_clk_pin
  Path Type:              Setup (Max at Slow Process Corner)
  Requirement:            20.000ns  (sys_clk_pin rise@20.000ns - sys_clk_pin rise@0.000ns)
  Data Path Delay:        19.304ns  (logic 3.518ns (18.224%)  route 15.786ns (81.776%))
  Logic Levels:           21  (LUT5=4 LUT6=17)
  Clock Path Skew:        -0.102ns (DCD - SCD + CPR)
    Destination Clock Delay (DCD):    4.764ns = ( 24.764 - 20.000 ) 
    Source Clock Delay      (SCD):    5.124ns
    Clock Pessimism Removal (CPR):    0.258ns
  Clock Uncertainty:      0.035ns  ((TSJ^2 + TIJ^2)^1/2 + DJ) / 2 + PE
    Total System Jitter     (TSJ):    0.071ns
    Total Input Jitter      (TIJ):    0.000ns
    Discrete Jitter          (DJ):    0.000ns
    Phase Error              (PE):    0.000ns

    Location             Delay type                Incr(ns)  Path(ns)    Netlist Resource(s)
  -------------------------------------------------------------------    -------------------
                         (clock sys_clk_pin rise edge)
                                                      0.000     0.000 r  
    W5                                                0.000     0.000 r  clk (IN)
                         net (fo=0)                   0.000     0.000    clk
    W5                   IBUF (Prop_ibuf_I_O)         1.458     1.458 r  clk_IBUF_inst/O
                         net (fo=1, routed)           1.967     3.425    clk_IBUF
    BUFGCTRL_X0Y0        BUFG (Prop_bufg_I_O)         0.096     3.521 r  clk_IBUF_BUFG_inst/O
                         net (fo=1260, routed)        1.603     5.124    pc_inst/clk_IBUF_BUFG
    SLICE_X7Y74          FDCE                                         r  pc_inst/PC_out_reg[5]/C
  -------------------------------------------------------------------    -------------------
    SLICE_X7Y74          FDCE (Prop_fdce_C_Q)         0.456     5.580 r  pc_inst/PC_out_reg[5]/Q
                         net (fo=219, routed)         1.751     7.330    pc_inst/Q[5]
    SLICE_X12Y77         LUT5 (Prop_lut5_I0_O)        0.150     7.480 r  pc_inst/out_carry__1_i_23/O
                         net (fo=4, routed)           0.765     8.245    imem/p_0_out_inferred__2/out_carry__0_i_16_0
    SLICE_X15Y80         LUT6 (Prop_lut6_I4_O)        0.328     8.573 r  imem/p_0_out_inferred__2/out_carry__0_i_36/O
                         net (fo=1, routed)           0.593     9.166    imem/p_0_out_inferred__2/out_carry__0_i_36_n_0
    SLICE_X15Y79         LUT6 (Prop_lut6_I5_O)        0.124     9.290 r  imem/p_0_out_inferred__2/out_carry__0_i_16/O
                         net (fo=257, routed)         2.116    11.406    rf/instruction[9]
    SLICE_X4Y52          LUT6 (Prop_lut6_I4_O)        0.124    11.530 f  rf/mem_reg_0_255_0_0_i_13/O
                         net (fo=2, routed)           0.929    12.459    rf/mem_reg_0_255_0_0_i_13_n_0
    SLICE_X4Y52          LUT6 (Prop_lut6_I1_O)        0.124    12.583 f  rf/probe_out_OBUF[0]_inst_i_6/O
                         net (fo=1, routed)           0.686    13.269    pc_inst/probe_out_OBUF[2]_inst_i_2_1
    SLICE_X5Y56          LUT5 (Prop_lut5_I1_O)        0.124    13.393 r  pc_inst/probe_out_OBUF[0]_inst_i_3/O
                         net (fo=4, routed)           0.644    14.037    pc_inst/probe_out_OBUF[0]_inst_i_3_n_0
    SLICE_X5Y58          LUT5 (Prop_lut5_I3_O)        0.150    14.187 f  pc_inst/probe_out_OBUF[2]_inst_i_2/O
                         net (fo=5, routed)           0.771    14.958    pc_inst/probe_out_OBUF[2]_inst_i_2_n_0
    SLICE_X3Y60          LUT6 (Prop_lut6_I5_O)        0.326    15.284 r  pc_inst/probe_out_OBUF[9]_inst_i_14/O
                         net (fo=1, routed)           0.302    15.586    rf/regs[1][18]_i_23
    SLICE_X5Y60          LUT6 (Prop_lut6_I1_O)        0.124    15.710 f  rf/probe_out_OBUF[9]_inst_i_5/O
                         net (fo=2, routed)           0.564    16.275    pc_inst/regs[1][18]_i_22_0
    SLICE_X7Y60          LUT6 (Prop_lut6_I5_O)        0.124    16.399 r  pc_inst/regs[1][18]_i_23/O
                         net (fo=1, routed)           0.539    16.937    pc_inst/regs[1][18]_i_23_n_0
    SLICE_X8Y59          LUT6 (Prop_lut6_I3_O)        0.124    17.061 f  pc_inst/regs[1][18]_i_22/O
                         net (fo=2, routed)           0.659    17.720    rf/regs[1][21]_i_20_0
    SLICE_X9Y59          LUT6 (Prop_lut6_I2_O)        0.124    17.844 r  rf/regs[1][21]_i_21/O
                         net (fo=1, routed)           0.290    18.134    rf/regs[1][21]_i_21_n_0
    SLICE_X9Y58          LUT6 (Prop_lut6_I1_O)        0.124    18.258 f  rf/regs[1][21]_i_20/O
                         net (fo=2, routed)           0.455    18.712    pc_inst/regs[1][27]_i_22_0
    SLICE_X11Y59         LUT6 (Prop_lut6_I5_O)        0.124    18.836 r  pc_inst/regs[1][27]_i_23/O
                         net (fo=1, routed)           0.546    19.383    pc_inst/regs[1][27]_i_23_n_0
    SLICE_X11Y62         LUT6 (Prop_lut6_I3_O)        0.124    19.507 f  pc_inst/regs[1][27]_i_22/O
                         net (fo=2, routed)           0.415    19.922    rf/regs[1][27]_i_5_0
    SLICE_X11Y63         LUT6 (Prop_lut6_I2_O)        0.124    20.046 r  rf/regs[1][27]_i_11/O
                         net (fo=1, routed)           0.404    20.450    rf/regs[1][27]_i_11_n_0
    SLICE_X11Y64         LUT6 (Prop_lut6_I1_O)        0.124    20.574 f  rf/regs[1][27]_i_5/O
                         net (fo=2, routed)           0.448    21.021    pc_inst/regs_reg[1][27]_2
    SLICE_X11Y66         LUT6 (Prop_lut6_I3_O)        0.124    21.145 f  pc_inst/regs[1][29]_i_3/O
                         net (fo=3, routed)           0.665    21.810    pc_inst/regs[1][29]_i_3_n_0
    SLICE_X7Y66          LUT6 (Prop_lut6_I4_O)        0.124    21.934 r  pc_inst/regs[1][31]_i_12/O
                         net (fo=1, routed)           0.548    22.482    pc_inst/regs[1][31]_i_12_n_0
    SLICE_X7Y64          LUT6 (Prop_lut6_I0_O)        0.124    22.606 r  pc_inst/regs[1][31]_i_7/O
                         net (fo=13, routed)          1.178    23.784    pc_inst/regs[1][31]_i_7_n_0
    SLICE_X8Y73          LUT5 (Prop_lut5_I1_O)        0.124    23.908 r  pc_inst/PC_out[6]_i_1/O
                         net (fo=1, routed)           0.520    24.428    pc_inst/pc_next[6]
    SLICE_X8Y74          FDCE                                         r  pc_inst/PC_out_reg[6]/D
  -------------------------------------------------------------------    -------------------

                         (clock sys_clk_pin rise edge)
                                                     20.000    20.000 r  
    W5                                                0.000    20.000 r  clk (IN)
                         net (fo=0)                   0.000    20.000    clk
    W5                   IBUF (Prop_ibuf_I_O)         1.388    21.388 r  clk_IBUF_inst/O
                         net (fo=1, routed)           1.862    23.250    clk_IBUF
    BUFGCTRL_X0Y0        BUFG (Prop_bufg_I_O)         0.091    23.341 r  clk_IBUF_BUFG_inst/O
                         net (fo=1260, routed)        1.423    24.764    pc_inst/clk_IBUF_BUFG
    SLICE_X8Y74          FDCE                                         r  pc_inst/PC_out_reg[6]/C
                         clock pessimism              0.258    25.022    
                         clock uncertainty           -0.035    24.987    
    SLICE_X8Y74          FDCE (Setup_fdce_C_D)       -0.031    24.956    pc_inst/PC_out_reg[6]
  -------------------------------------------------------------------
                         required time                         24.956    
                         arrival time                         -24.428    
  -------------------------------------------------------------------
                         slack                                  0.528    

Slack (MET) :             0.565ns  (required time - arrival time)
  Source:                 pc_inst/PC_out_reg[5]/C
                            (rising edge-triggered cell FDCE clocked by sys_clk_pin  {rise@0.000ns fall@10.000ns period=20.000ns})
  Destination:            pc_inst/PC_out_reg[8]/D
                            (rising edge-triggered cell FDCE clocked by sys_clk_pin  {rise@0.000ns fall@10.000ns period=20.000ns})
  Path Group:             sys_clk_pin
  Path Type:              Setup (Max at Slow Process Corner)
  Requirement:            20.000ns  (sys_clk_pin rise@20.000ns - sys_clk_pin rise@0.000ns)
  Data Path Delay:        19.320ns  (logic 3.518ns (18.209%)  route 15.802ns (81.791%))
  Logic Levels:           21  (LUT5=4 LUT6=17)
  Clock Path Skew:        -0.035ns (DCD - SCD + CPR)
    Destination Clock Delay (DCD):    4.831ns = ( 24.831 - 20.000 ) 
    Source Clock Delay      (SCD):    5.124ns
    Clock Pessimism Removal (CPR):    0.258ns
  Clock Uncertainty:      0.035ns  ((TSJ^2 + TIJ^2)^1/2 + DJ) / 2 + PE
    Total System Jitter     (TSJ):    0.071ns
    Total Input Jitter      (TIJ):    0.000ns
    Discrete Jitter          (DJ):    0.000ns
    Phase Error              (PE):    0.000ns

    Location             Delay type                Incr(ns)  Path(ns)    Netlist Resource(s)
  -------------------------------------------------------------------    -------------------
                         (clock sys_clk_pin rise edge)
                                                      0.000     0.000 r  
    W5                                                0.000     0.000 r  clk (IN)
                         net (fo=0)                   0.000     0.000    clk
    W5                   IBUF (Prop_ibuf_I_O)         1.458     1.458 r  clk_IBUF_inst/O
                         net (fo=1, routed)           1.967     3.425    clk_IBUF
    BUFGCTRL_X0Y0        BUFG (Prop_bufg_I_O)         0.096     3.521 r  clk_IBUF_BUFG_inst/O
                         net (fo=1260, routed)        1.603     5.124    pc_inst/clk_IBUF_BUFG
    SLICE_X7Y74          FDCE                                         r  pc_inst/PC_out_reg[5]/C
  -------------------------------------------------------------------    -------------------
    SLICE_X7Y74          FDCE (Prop_fdce_C_Q)         0.456     5.580 r  pc_inst/PC_out_reg[5]/Q
                         net (fo=219, routed)         1.751     7.330    pc_inst/Q[5]
    SLICE_X12Y77         LUT5 (Prop_lut5_I0_O)        0.150     7.480 r  pc_inst/out_carry__1_i_23/O
                         net (fo=4, routed)           0.765     8.245    imem/p_0_out_inferred__2/out_carry__0_i_16_0
    SLICE_X15Y80         LUT6 (Prop_lut6_I4_O)        0.328     8.573 r  imem/p_0_out_inferred__2/out_carry__0_i_36/O
                         net (fo=1, routed)           0.593     9.166    imem/p_0_out_inferred__2/out_carry__0_i_36_n_0
    SLICE_X15Y79         LUT6 (Prop_lut6_I5_O)        0.124     9.290 r  imem/p_0_out_inferred__2/out_carry__0_i_16/O
                         net (fo=257, routed)         2.116    11.406    rf/instruction[9]
    SLICE_X4Y52          LUT6 (Prop_lut6_I4_O)        0.124    11.530 f  rf/mem_reg_0_255_0_0_i_13/O
                         net (fo=2, routed)           0.929    12.459    rf/mem_reg_0_255_0_0_i_13_n_0
    SLICE_X4Y52          LUT6 (Prop_lut6_I1_O)        0.124    12.583 f  rf/probe_out_OBUF[0]_inst_i_6/O
                         net (fo=1, routed)           0.686    13.269    pc_inst/probe_out_OBUF[2]_inst_i_2_1
    SLICE_X5Y56          LUT5 (Prop_lut5_I1_O)        0.124    13.393 r  pc_inst/probe_out_OBUF[0]_inst_i_3/O
                         net (fo=4, routed)           0.644    14.037    pc_inst/probe_out_OBUF[0]_inst_i_3_n_0
    SLICE_X5Y58          LUT5 (Prop_lut5_I3_O)        0.150    14.187 r  pc_inst/probe_out_OBUF[2]_inst_i_2/O
                         net (fo=5, routed)           0.771    14.958    pc_inst/probe_out_OBUF[2]_inst_i_2_n_0
    SLICE_X3Y60          LUT6 (Prop_lut6_I5_O)        0.326    15.284 f  pc_inst/probe_out_OBUF[9]_inst_i_14/O
                         net (fo=1, routed)           0.302    15.586    rf/regs[1][18]_i_23
    SLICE_X5Y60          LUT6 (Prop_lut6_I1_O)        0.124    15.710 r  rf/probe_out_OBUF[9]_inst_i_5/O
                         net (fo=2, routed)           0.564    16.275    pc_inst/regs[1][18]_i_22_0
    SLICE_X7Y60          LUT6 (Prop_lut6_I5_O)        0.124    16.399 f  pc_inst/regs[1][18]_i_23/O
                         net (fo=1, routed)           0.539    16.937    pc_inst/regs[1][18]_i_23_n_0
    SLICE_X8Y59          LUT6 (Prop_lut6_I3_O)        0.124    17.061 r  pc_inst/regs[1][18]_i_22/O
                         net (fo=2, routed)           0.659    17.720    rf/regs[1][21]_i_20_0
    SLICE_X9Y59          LUT6 (Prop_lut6_I2_O)        0.124    17.844 f  rf/regs[1][21]_i_21/O
                         net (fo=1, routed)           0.290    18.134    rf/regs[1][21]_i_21_n_0
    SLICE_X9Y58          LUT6 (Prop_lut6_I1_O)        0.124    18.258 r  rf/regs[1][21]_i_20/O
                         net (fo=2, routed)           0.455    18.712    pc_inst/regs[1][27]_i_22_0
    SLICE_X11Y59         LUT6 (Prop_lut6_I5_O)        0.124    18.836 f  pc_inst/regs[1][27]_i_23/O
                         net (fo=1, routed)           0.546    19.383    pc_inst/regs[1][27]_i_23_n_0
    SLICE_X11Y62         LUT6 (Prop_lut6_I3_O)        0.124    19.507 r  pc_inst/regs[1][27]_i_22/O
                         net (fo=2, routed)           0.415    19.922    rf/regs[1][27]_i_5_0
    SLICE_X11Y63         LUT6 (Prop_lut6_I2_O)        0.124    20.046 f  rf/regs[1][27]_i_11/O
                         net (fo=1, routed)           0.404    20.450    rf/regs[1][27]_i_11_n_0
    SLICE_X11Y64         LUT6 (Prop_lut6_I1_O)        0.124    20.574 r  rf/regs[1][27]_i_5/O
                         net (fo=2, routed)           0.448    21.021    pc_inst/regs_reg[1][27]_2
    SLICE_X11Y66         LUT6 (Prop_lut6_I3_O)        0.124    21.145 r  pc_inst/regs[1][29]_i_3/O
                         net (fo=3, routed)           0.468    21.613    pc_inst/regs[1][29]_i_3_n_0
    SLICE_X9Y66          LUT6 (Prop_lut6_I0_O)        0.124    21.737 f  pc_inst/regs[1][29]_i_2/O
                         net (fo=2, routed)           0.857    22.594    pc_inst/regs[1][29]_i_2_n_0
    SLICE_X9Y66          LUT6 (Prop_lut6_I0_O)        0.124    22.718 r  pc_inst/PC_out[9]_i_2/O
                         net (fo=12, routed)          1.223    23.941    pc_inst/PC_out[9]_i_2_n_0
    SLICE_X6Y75          LUT5 (Prop_lut5_I2_O)        0.124    24.065 r  pc_inst/PC_out[8]_i_1/O
                         net (fo=1, routed)           0.379    24.444    pc_inst/pc_next[8]
    SLICE_X6Y75          FDCE                                         r  pc_inst/PC_out_reg[8]/D
  -------------------------------------------------------------------    -------------------

                         (clock sys_clk_pin rise edge)
                                                     20.000    20.000 r  
    W5                                                0.000    20.000 r  clk (IN)
                         net (fo=0)                   0.000    20.000    clk
    W5                   IBUF (Prop_ibuf_I_O)         1.388    21.388 r  clk_IBUF_inst/O
                         net (fo=1, routed)           1.862    23.250    clk_IBUF
    BUFGCTRL_X0Y0        BUFG (Prop_bufg_I_O)         0.091    23.341 r  clk_IBUF_BUFG_inst/O
                         net (fo=1260, routed)        1.490    24.831    pc_inst/clk_IBUF_BUFG
    SLICE_X6Y75          FDCE                                         r  pc_inst/PC_out_reg[8]/C
                         clock pessimism              0.258    25.089    
                         clock uncertainty           -0.035    25.054    
    SLICE_X6Y75          FDCE (Setup_fdce_C_D)       -0.045    25.009    pc_inst/PC_out_reg[8]
  -------------------------------------------------------------------
                         required time                         25.009    
                         arrival time                         -24.444    
  -------------------------------------------------------------------
                         slack                                  0.565    

Slack (MET) :             0.589ns  (required time - arrival time)
  Source:                 pc_inst/PC_out_reg[5]/C
                            (rising edge-triggered cell FDCE clocked by sys_clk_pin  {rise@0.000ns fall@10.000ns period=20.000ns})
  Destination:            rf/regs_reg[31][30]/D
                            (rising edge-triggered cell FDCE clocked by sys_clk_pin  {rise@0.000ns fall@10.000ns period=20.000ns})
  Path Group:             sys_clk_pin
  Path Type:              Setup (Max at Slow Process Corner)
  Requirement:            20.000ns  (sys_clk_pin rise@20.000ns - sys_clk_pin rise@0.000ns)
  Data Path Delay:        19.251ns  (logic 3.746ns (19.458%)  route 15.505ns (80.542%))
  Logic Levels:           21  (LUT4=1 LUT5=3 LUT6=17)
  Clock Path Skew:        -0.019ns (DCD - SCD + CPR)
    Destination Clock Delay (DCD):    4.834ns = ( 24.834 - 20.000 ) 
    Source Clock Delay      (SCD):    5.124ns
    Clock Pessimism Removal (CPR):    0.271ns
  Clock Uncertainty:      0.035ns  ((TSJ^2 + TIJ^2)^1/2 + DJ) / 2 + PE
    Total System Jitter     (TSJ):    0.071ns
    Total Input Jitter      (TIJ):    0.000ns
    Discrete Jitter          (DJ):    0.000ns
    Phase Error              (PE):    0.000ns

    Location             Delay type                Incr(ns)  Path(ns)    Netlist Resource(s)
  -------------------------------------------------------------------    -------------------
                         (clock sys_clk_pin rise edge)
                                                      0.000     0.000 r  
    W5                                                0.000     0.000 r  clk (IN)
                         net (fo=0)                   0.000     0.000    clk
    W5                   IBUF (Prop_ibuf_I_O)         1.458     1.458 r  clk_IBUF_inst/O
                         net (fo=1, routed)           1.967     3.425    clk_IBUF
    BUFGCTRL_X0Y0        BUFG (Prop_bufg_I_O)         0.096     3.521 r  clk_IBUF_BUFG_inst/O
                         net (fo=1260, routed)        1.603     5.124    pc_inst/clk_IBUF_BUFG
    SLICE_X7Y74          FDCE                                         r  pc_inst/PC_out_reg[5]/C
  -------------------------------------------------------------------    -------------------
    SLICE_X7Y74          FDCE (Prop_fdce_C_Q)         0.456     5.580 r  pc_inst/PC_out_reg[5]/Q
                         net (fo=219, routed)         1.751     7.330    pc_inst/Q[5]
    SLICE_X12Y77         LUT5 (Prop_lut5_I0_O)        0.150     7.480 r  pc_inst/out_carry__1_i_23/O
                         net (fo=4, routed)           0.765     8.245    imem/p_0_out_inferred__2/out_carry__0_i_16_0
    SLICE_X15Y80         LUT6 (Prop_lut6_I4_O)        0.328     8.573 r  imem/p_0_out_inferred__2/out_carry__0_i_36/O
                         net (fo=1, routed)           0.593     9.166    imem/p_0_out_inferred__2/out_carry__0_i_36_n_0
    SLICE_X15Y79         LUT6 (Prop_lut6_I5_O)        0.124     9.290 r  imem/p_0_out_inferred__2/out_carry__0_i_16/O
                         net (fo=257, routed)         2.116    11.406    rf/instruction[9]
    SLICE_X4Y52          LUT6 (Prop_lut6_I4_O)        0.124    11.530 f  rf/mem_reg_0_255_0_0_i_13/O
                         net (fo=2, routed)           0.929    12.459    rf/mem_reg_0_255_0_0_i_13_n_0
    SLICE_X4Y52          LUT6 (Prop_lut6_I1_O)        0.124    12.583 f  rf/probe_out_OBUF[0]_inst_i_6/O
                         net (fo=1, routed)           0.686    13.269    pc_inst/probe_out_OBUF[2]_inst_i_2_1
    SLICE_X5Y56          LUT5 (Prop_lut5_I1_O)        0.124    13.393 r  pc_inst/probe_out_OBUF[0]_inst_i_3/O
                         net (fo=4, routed)           0.644    14.037    pc_inst/probe_out_OBUF[0]_inst_i_3_n_0
    SLICE_X5Y58          LUT5 (Prop_lut5_I3_O)        0.150    14.187 r  pc_inst/probe_out_OBUF[2]_inst_i_2/O
                         net (fo=5, routed)           0.771    14.958    pc_inst/probe_out_OBUF[2]_inst_i_2_n_0
    SLICE_X3Y60          LUT6 (Prop_lut6_I5_O)        0.326    15.284 f  pc_inst/probe_out_OBUF[9]_inst_i_14/O
                         net (fo=1, routed)           0.302    15.586    rf/regs[1][18]_i_23
    SLICE_X5Y60          LUT6 (Prop_lut6_I1_O)        0.124    15.710 r  rf/probe_out_OBUF[9]_inst_i_5/O
                         net (fo=2, routed)           0.564    16.275    pc_inst/regs[1][18]_i_22_0
    SLICE_X7Y60          LUT6 (Prop_lut6_I5_O)        0.124    16.399 f  pc_inst/regs[1][18]_i_23/O
                         net (fo=1, routed)           0.539    16.937    pc_inst/regs[1][18]_i_23_n_0
    SLICE_X8Y59          LUT6 (Prop_lut6_I3_O)        0.124    17.061 r  pc_inst/regs[1][18]_i_22/O
                         net (fo=2, routed)           0.659    17.720    rf/regs[1][21]_i_20_0
    SLICE_X9Y59          LUT6 (Prop_lut6_I2_O)        0.124    17.844 f  rf/regs[1][21]_i_21/O
                         net (fo=1, routed)           0.290    18.134    rf/regs[1][21]_i_21_n_0
    SLICE_X9Y58          LUT6 (Prop_lut6_I1_O)        0.124    18.258 r  rf/regs[1][21]_i_20/O
                         net (fo=2, routed)           0.455    18.712    pc_inst/regs[1][27]_i_22_0
    SLICE_X11Y59         LUT6 (Prop_lut6_I5_O)        0.124    18.836 f  pc_inst/regs[1][27]_i_23/O
                         net (fo=1, routed)           0.546    19.383    pc_inst/regs[1][27]_i_23_n_0
    SLICE_X11Y62         LUT6 (Prop_lut6_I3_O)        0.124    19.507 r  pc_inst/regs[1][27]_i_22/O
                         net (fo=2, routed)           0.415    19.922    rf/regs[1][27]_i_5_0
    SLICE_X11Y63         LUT6 (Prop_lut6_I2_O)        0.124    20.046 f  rf/regs[1][27]_i_11/O
                         net (fo=1, routed)           0.404    20.450    rf/regs[1][27]_i_11_n_0
    SLICE_X11Y64         LUT6 (Prop_lut6_I1_O)        0.124    20.574 r  rf/regs[1][27]_i_5/O
                         net (fo=2, routed)           0.448    21.021    pc_inst/regs_reg[1][27]_2
    SLICE_X11Y66         LUT6 (Prop_lut6_I3_O)        0.124    21.145 r  pc_inst/regs[1][29]_i_3/O
                         net (fo=3, routed)           0.747    21.892    pc_inst/regs[1][29]_i_3_n_0
    SLICE_X9Y66          LUT4 (Prop_lut4_I2_O)        0.150    22.042 r  pc_inst/regs[1][30]_i_5/O
                         net (fo=1, routed)           0.502    22.544    pc_inst/regs[1][30]_i_5_n_0
    SLICE_X7Y66          LUT6 (Prop_lut6_I4_O)        0.326    22.870 f  pc_inst/regs[1][30]_i_2/O
                         net (fo=13, routed)          0.349    23.219    pc_inst/regs[1][30]_i_2_n_0
    SLICE_X7Y67          LUT6 (Prop_lut6_I4_O)        0.124    23.343 r  pc_inst/regs[1][30]_i_1/O
                         net (fo=31, routed)          1.032    24.375    rf/D[30]
    SLICE_X7Y72          FDCE                                         r  rf/regs_reg[31][30]/D
  -------------------------------------------------------------------    -------------------

                         (clock sys_clk_pin rise edge)
                                                     20.000    20.000 r  
    W5                                                0.000    20.000 r  clk (IN)
                         net (fo=0)                   0.000    20.000    clk
    W5                   IBUF (Prop_ibuf_I_O)         1.388    21.388 r  clk_IBUF_inst/O
                         net (fo=1, routed)           1.862    23.250    clk_IBUF
    BUFGCTRL_X0Y0        BUFG (Prop_bufg_I_O)         0.091    23.341 r  clk_IBUF_BUFG_inst/O
                         net (fo=1260, routed)        1.493    24.834    rf/CLK
    SLICE_X7Y72          FDCE                                         r  rf/regs_reg[31][30]/C
                         clock pessimism              0.271    25.105    
                         clock uncertainty           -0.035    25.070    
    SLICE_X7Y72          FDCE (Setup_fdce_C_D)       -0.105    24.965    rf/regs_reg[31][30]
  -------------------------------------------------------------------
                         required time                         24.965    
                         arrival time                         -24.375    
  -------------------------------------------------------------------
                         slack                                  0.589    

Slack (MET) :             0.589ns  (required time - arrival time)
  Source:                 pc_inst/PC_out_reg[5]/C
                            (rising edge-triggered cell FDCE clocked by sys_clk_pin  {rise@0.000ns fall@10.000ns period=20.000ns})
  Destination:            rf/regs_reg[7][30]/D
                            (rising edge-triggered cell FDCE clocked by sys_clk_pin  {rise@0.000ns fall@10.000ns period=20.000ns})
  Path Group:             sys_clk_pin
  Path Type:              Setup (Max at Slow Process Corner)
  Requirement:            20.000ns  (sys_clk_pin rise@20.000ns - sys_clk_pin rise@0.000ns)
  Data Path Delay:        19.221ns  (logic 3.746ns (19.489%)  route 15.475ns (80.511%))
  Logic Levels:           21  (LUT4=1 LUT5=3 LUT6=17)
  Clock Path Skew:        -0.096ns (DCD - SCD + CPR)
    Destination Clock Delay (DCD):    4.770ns = ( 24.770 - 20.000 ) 
    Source Clock Delay      (SCD):    5.124ns
    Clock Pessimism Removal (CPR):    0.258ns
  Clock Uncertainty:      0.035ns  ((TSJ^2 + TIJ^2)^1/2 + DJ) / 2 + PE
    Total System Jitter     (TSJ):    0.071ns
    Total Input Jitter      (TIJ):    0.000ns
    Discrete Jitter          (DJ):    0.000ns
    Phase Error              (PE):    0.000ns

    Location             Delay type                Incr(ns)  Path(ns)    Netlist Resource(s)
  -------------------------------------------------------------------    -------------------
                         (clock sys_clk_pin rise edge)
                                                      0.000     0.000 r  
    W5                                                0.000     0.000 r  clk (IN)
                         net (fo=0)                   0.000     0.000    clk
    W5                   IBUF (Prop_ibuf_I_O)         1.458     1.458 r  clk_IBUF_inst/O
                         net (fo=1, routed)           1.967     3.425    clk_IBUF
    BUFGCTRL_X0Y0        BUFG (Prop_bufg_I_O)         0.096     3.521 r  clk_IBUF_BUFG_inst/O
                         net (fo=1260, routed)        1.603     5.124    pc_inst/clk_IBUF_BUFG
    SLICE_X7Y74          FDCE                                         r  pc_inst/PC_out_reg[5]/C
  -------------------------------------------------------------------    -------------------
    SLICE_X7Y74          FDCE (Prop_fdce_C_Q)         0.456     5.580 r  pc_inst/PC_out_reg[5]/Q
                         net (fo=219, routed)         1.751     7.330    pc_inst/Q[5]
    SLICE_X12Y77         LUT5 (Prop_lut5_I0_O)        0.150     7.480 r  pc_inst/out_carry__1_i_23/O
                         net (fo=4, routed)           0.765     8.245    imem/p_0_out_inferred__2/out_carry__0_i_16_0
    SLICE_X15Y80         LUT6 (Prop_lut6_I4_O)        0.328     8.573 r  imem/p_0_out_inferred__2/out_carry__0_i_36/O
                         net (fo=1, routed)           0.593     9.166    imem/p_0_out_inferred__2/out_carry__0_i_36_n_0
    SLICE_X15Y79         LUT6 (Prop_lut6_I5_O)        0.124     9.290 r  imem/p_0_out_inferred__2/out_carry__0_i_16/O
                         net (fo=257, routed)         2.116    11.406    rf/instruction[9]
    SLICE_X4Y52          LUT6 (Prop_lut6_I4_O)        0.124    11.530 f  rf/mem_reg_0_255_0_0_i_13/O
                         net (fo=2, routed)           0.929    12.459    rf/mem_reg_0_255_0_0_i_13_n_0
    SLICE_X4Y52          LUT6 (Prop_lut6_I1_O)        0.124    12.583 f  rf/probe_out_OBUF[0]_inst_i_6/O
                         net (fo=1, routed)           0.686    13.269    pc_inst/probe_out_OBUF[2]_inst_i_2_1
    SLICE_X5Y56          LUT5 (Prop_lut5_I1_O)        0.124    13.393 r  pc_inst/probe_out_OBUF[0]_inst_i_3/O
                         net (fo=4, routed)           0.644    14.037    pc_inst/probe_out_OBUF[0]_inst_i_3_n_0
    SLICE_X5Y58          LUT5 (Prop_lut5_I3_O)        0.150    14.187 r  pc_inst/probe_out_OBUF[2]_inst_i_2/O
                         net (fo=5, routed)           0.771    14.958    pc_inst/probe_out_OBUF[2]_inst_i_2_n_0
    SLICE_X3Y60          LUT6 (Prop_lut6_I5_O)        0.326    15.284 f  pc_inst/probe_out_OBUF[9]_inst_i_14/O
                         net (fo=1, routed)           0.302    15.586    rf/regs[1][18]_i_23
    SLICE_X5Y60          LUT6 (Prop_lut6_I1_O)        0.124    15.710 r  rf/probe_out_OBUF[9]_inst_i_5/O
                         net (fo=2, routed)           0.564    16.275    pc_inst/regs[1][18]_i_22_0
    SLICE_X7Y60          LUT6 (Prop_lut6_I5_O)        0.124    16.399 f  pc_inst/regs[1][18]_i_23/O
                         net (fo=1, routed)           0.539    16.937    pc_inst/regs[1][18]_i_23_n_0
    SLICE_X8Y59          LUT6 (Prop_lut6_I3_O)        0.124    17.061 r  pc_inst/regs[1][18]_i_22/O
                         net (fo=2, routed)           0.659    17.720    rf/regs[1][21]_i_20_0
    SLICE_X9Y59          LUT6 (Prop_lut6_I2_O)        0.124    17.844 f  rf/regs[1][21]_i_21/O
                         net (fo=1, routed)           0.290    18.134    rf/regs[1][21]_i_21_n_0
    SLICE_X9Y58          LUT6 (Prop_lut6_I1_O)        0.124    18.258 r  rf/regs[1][21]_i_20/O
                         net (fo=2, routed)           0.455    18.712    pc_inst/regs[1][27]_i_22_0
    SLICE_X11Y59         LUT6 (Prop_lut6_I5_O)        0.124    18.836 f  pc_inst/regs[1][27]_i_23/O
                         net (fo=1, routed)           0.546    19.383    pc_inst/regs[1][27]_i_23_n_0
    SLICE_X11Y62         LUT6 (Prop_lut6_I3_O)        0.124    19.507 r  pc_inst/regs[1][27]_i_22/O
                         net (fo=2, routed)           0.415    19.922    rf/regs[1][27]_i_5_0
    SLICE_X11Y63         LUT6 (Prop_lut6_I2_O)        0.124    20.046 f  rf/regs[1][27]_i_11/O
                         net (fo=1, routed)           0.404    20.450    rf/regs[1][27]_i_11_n_0
    SLICE_X11Y64         LUT6 (Prop_lut6_I1_O)        0.124    20.574 r  rf/regs[1][27]_i_5/O
                         net (fo=2, routed)           0.448    21.021    pc_inst/regs_reg[1][27]_2
    SLICE_X11Y66         LUT6 (Prop_lut6_I3_O)        0.124    21.145 r  pc_inst/regs[1][29]_i_3/O
                         net (fo=3, routed)           0.747    21.892    pc_inst/regs[1][29]_i_3_n_0
    SLICE_X9Y66          LUT4 (Prop_lut4_I2_O)        0.150    22.042 r  pc_inst/regs[1][30]_i_5/O
                         net (fo=1, routed)           0.502    22.544    pc_inst/regs[1][30]_i_5_n_0
    SLICE_X7Y66          LUT6 (Prop_lut6_I4_O)        0.326    22.870 f  pc_inst/regs[1][30]_i_2/O
                         net (fo=13, routed)          0.349    23.219    pc_inst/regs[1][30]_i_2_n_0
    SLICE_X7Y67          LUT6 (Prop_lut6_I4_O)        0.124    23.343 r  pc_inst/regs[1][30]_i_1/O
                         net (fo=31, routed)          1.002    24.345    rf/D[30]
    SLICE_X9Y70          FDCE                                         r  rf/regs_reg[7][30]/D
  -------------------------------------------------------------------    -------------------

                         (clock sys_clk_pin rise edge)
                                                     20.000    20.000 r  
    W5                                                0.000    20.000 r  clk (IN)
                         net (fo=0)                   0.000    20.000    clk
    W5                   IBUF (Prop_ibuf_I_O)         1.388    21.388 r  clk_IBUF_inst/O
                         net (fo=1, routed)           1.862    23.250    clk_IBUF
    BUFGCTRL_X0Y0        BUFG (Prop_bufg_I_O)         0.091    23.341 r  clk_IBUF_BUFG_inst/O
                         net (fo=1260, routed)        1.429    24.770    rf/CLK
    SLICE_X9Y70          FDCE                                         r  rf/regs_reg[7][30]/C
                         clock pessimism              0.258    25.028    
                         clock uncertainty           -0.035    24.993    
    SLICE_X9Y70          FDCE (Setup_fdce_C_D)       -0.058    24.935    rf/regs_reg[7][30]
  -------------------------------------------------------------------
                         required time                         24.935    
                         arrival time                         -24.345    
  -------------------------------------------------------------------
                         slack                                  0.589    

Slack (MET) :             0.607ns  (required time - arrival time)
  Source:                 pc_inst/PC_out_reg[5]/C
                            (rising edge-triggered cell FDCE clocked by sys_clk_pin  {rise@0.000ns fall@10.000ns period=20.000ns})
  Destination:            pc_inst/PC_out_reg[5]/D
                            (rising edge-triggered cell FDCE clocked by sys_clk_pin  {rise@0.000ns fall@10.000ns period=20.000ns})
  Path Group:             sys_clk_pin
  Path Type:              Setup (Max at Slow Process Corner)
  Requirement:            20.000ns  (sys_clk_pin rise@20.000ns - sys_clk_pin rise@0.000ns)
  Data Path Delay:        19.287ns  (logic 3.518ns (18.240%)  route 15.769ns (81.760%))
  Logic Levels:           21  (LUT5=4 LUT6=17)
  Clock Path Skew:        0.000ns (DCD - SCD + CPR)
    Destination Clock Delay (DCD):    4.831ns = ( 24.831 - 20.000 ) 
    Source Clock Delay      (SCD):    5.124ns
    Clock Pessimism Removal (CPR):    0.293ns
  Clock Uncertainty:      0.035ns  ((TSJ^2 + TIJ^2)^1/2 + DJ) / 2 + PE
    Total System Jitter     (TSJ):    0.071ns
    Total Input Jitter      (TIJ):    0.000ns
    Discrete Jitter          (DJ):    0.000ns
    Phase Error              (PE):    0.000ns

    Location             Delay type                Incr(ns)  Path(ns)    Netlist Resource(s)
  -------------------------------------------------------------------    -------------------
                         (clock sys_clk_pin rise edge)
                                                      0.000     0.000 r  
    W5                                                0.000     0.000 r  clk (IN)
                         net (fo=0)                   0.000     0.000    clk
    W5                   IBUF (Prop_ibuf_I_O)         1.458     1.458 r  clk_IBUF_inst/O
                         net (fo=1, routed)           1.967     3.425    clk_IBUF
    BUFGCTRL_X0Y0        BUFG (Prop_bufg_I_O)         0.096     3.521 r  clk_IBUF_BUFG_inst/O
                         net (fo=1260, routed)        1.603     5.124    pc_inst/clk_IBUF_BUFG
    SLICE_X7Y74          FDCE                                         r  pc_inst/PC_out_reg[5]/C
  -------------------------------------------------------------------    -------------------
    SLICE_X7Y74          FDCE (Prop_fdce_C_Q)         0.456     5.580 r  pc_inst/PC_out_reg[5]/Q
                         net (fo=219, routed)         1.751     7.330    pc_inst/Q[5]
    SLICE_X12Y77         LUT5 (Prop_lut5_I0_O)        0.150     7.480 r  pc_inst/out_carry__1_i_23/O
                         net (fo=4, routed)           0.765     8.245    imem/p_0_out_inferred__2/out_carry__0_i_16_0
    SLICE_X15Y80         LUT6 (Prop_lut6_I4_O)        0.328     8.573 r  imem/p_0_out_inferred__2/out_carry__0_i_36/O
                         net (fo=1, routed)           0.593     9.166    imem/p_0_out_inferred__2/out_carry__0_i_36_n_0
    SLICE_X15Y79         LUT6 (Prop_lut6_I5_O)        0.124     9.290 r  imem/p_0_out_inferred__2/out_carry__0_i_16/O
                         net (fo=257, routed)         2.116    11.406    rf/instruction[9]
    SLICE_X4Y52          LUT6 (Prop_lut6_I4_O)        0.124    11.530 f  rf/mem_reg_0_255_0_0_i_13/O
                         net (fo=2, routed)           0.929    12.459    rf/mem_reg_0_255_0_0_i_13_n_0
    SLICE_X4Y52          LUT6 (Prop_lut6_I1_O)        0.124    12.583 f  rf/probe_out_OBUF[0]_inst_i_6/O
                         net (fo=1, routed)           0.686    13.269    pc_inst/probe_out_OBUF[2]_inst_i_2_1
    SLICE_X5Y56          LUT5 (Prop_lut5_I1_O)        0.124    13.393 r  pc_inst/probe_out_OBUF[0]_inst_i_3/O
                         net (fo=4, routed)           0.644    14.037    pc_inst/probe_out_OBUF[0]_inst_i_3_n_0
    SLICE_X5Y58          LUT5 (Prop_lut5_I3_O)        0.150    14.187 f  pc_inst/probe_out_OBUF[2]_inst_i_2/O
                         net (fo=5, routed)           0.771    14.958    pc_inst/probe_out_OBUF[2]_inst_i_2_n_0
    SLICE_X3Y60          LUT6 (Prop_lut6_I5_O)        0.326    15.284 r  pc_inst/probe_out_OBUF[9]_inst_i_14/O
                         net (fo=1, routed)           0.302    15.586    rf/regs[1][18]_i_23
    SLICE_X5Y60          LUT6 (Prop_lut6_I1_O)        0.124    15.710 f  rf/probe_out_OBUF[9]_inst_i_5/O
                         net (fo=2, routed)           0.564    16.275    pc_inst/regs[1][18]_i_22_0
    SLICE_X7Y60          LUT6 (Prop_lut6_I5_O)        0.124    16.399 r  pc_inst/regs[1][18]_i_23/O
                         net (fo=1, routed)           0.539    16.937    pc_inst/regs[1][18]_i_23_n_0
    SLICE_X8Y59          LUT6 (Prop_lut6_I3_O)        0.124    17.061 f  pc_inst/regs[1][18]_i_22/O
                         net (fo=2, routed)           0.659    17.720    rf/regs[1][21]_i_20_0
    SLICE_X9Y59          LUT6 (Prop_lut6_I2_O)        0.124    17.844 r  rf/regs[1][21]_i_21/O
                         net (fo=1, routed)           0.290    18.134    rf/regs[1][21]_i_21_n_0
    SLICE_X9Y58          LUT6 (Prop_lut6_I1_O)        0.124    18.258 f  rf/regs[1][21]_i_20/O
                         net (fo=2, routed)           0.455    18.712    pc_inst/regs[1][27]_i_22_0
    SLICE_X11Y59         LUT6 (Prop_lut6_I5_O)        0.124    18.836 r  pc_inst/regs[1][27]_i_23/O
                         net (fo=1, routed)           0.546    19.383    pc_inst/regs[1][27]_i_23_n_0
    SLICE_X11Y62         LUT6 (Prop_lut6_I3_O)        0.124    19.507 f  pc_inst/regs[1][27]_i_22/O
                         net (fo=2, routed)           0.415    19.922    rf/regs[1][27]_i_5_0
    SLICE_X11Y63         LUT6 (Prop_lut6_I2_O)        0.124    20.046 r  rf/regs[1][27]_i_11/O
                         net (fo=1, routed)           0.404    20.450    rf/regs[1][27]_i_11_n_0
    SLICE_X11Y64         LUT6 (Prop_lut6_I1_O)        0.124    20.574 f  rf/regs[1][27]_i_5/O
                         net (fo=2, routed)           0.448    21.021    pc_inst/regs_reg[1][27]_2
    SLICE_X11Y66         LUT6 (Prop_lut6_I3_O)        0.124    21.145 f  pc_inst/regs[1][29]_i_3/O
                         net (fo=3, routed)           0.665    21.810    pc_inst/regs[1][29]_i_3_n_0
    SLICE_X7Y66          LUT6 (Prop_lut6_I4_O)        0.124    21.934 r  pc_inst/regs[1][31]_i_12/O
                         net (fo=1, routed)           0.548    22.482    pc_inst/regs[1][31]_i_12_n_0
    SLICE_X7Y64          LUT6 (Prop_lut6_I0_O)        0.124    22.606 r  pc_inst/regs[1][31]_i_7/O
                         net (fo=13, routed)          1.139    23.745    pc_inst/regs[1][31]_i_7_n_0
    SLICE_X6Y72          LUT5 (Prop_lut5_I1_O)        0.124    23.869 r  pc_inst/PC_out[5]_i_1/O
                         net (fo=1, routed)           0.542    24.411    pc_inst/pc_next[5]
    SLICE_X7Y74          FDCE                                         r  pc_inst/PC_out_reg[5]/D
  -------------------------------------------------------------------    -------------------

                         (clock sys_clk_pin rise edge)
                                                     20.000    20.000 r  
    W5                                                0.000    20.000 r  clk (IN)
                         net (fo=0)                   0.000    20.000    clk
    W5                   IBUF (Prop_ibuf_I_O)         1.388    21.388 r  clk_IBUF_inst/O
                         net (fo=1, routed)           1.862    23.250    clk_IBUF
    BUFGCTRL_X0Y0        BUFG (Prop_bufg_I_O)         0.091    23.341 r  clk_IBUF_BUFG_inst/O
                         net (fo=1260, routed)        1.490    24.831    pc_inst/clk_IBUF_BUFG
    SLICE_X7Y74          FDCE                                         r  pc_inst/PC_out_reg[5]/C
                         clock pessimism              0.293    25.124    
                         clock uncertainty           -0.035    25.089    
    SLICE_X7Y74          FDCE (Setup_fdce_C_D)       -0.071    25.018    pc_inst/PC_out_reg[5]
  -------------------------------------------------------------------
                         required time                         25.018    
                         arrival time                         -24.411    
  -------------------------------------------------------------------
                         slack                                  0.607    

Slack (MET) :             0.642ns  (required time - arrival time)
  Source:                 pc_inst/PC_out_reg[5]/C
                            (rising edge-triggered cell FDCE clocked by sys_clk_pin  {rise@0.000ns fall@10.000ns period=20.000ns})
  Destination:            pc_inst/PC_out_reg[7]/D
                            (rising edge-triggered cell FDCE clocked by sys_clk_pin  {rise@0.000ns fall@10.000ns period=20.000ns})
  Path Group:             sys_clk_pin
  Path Type:              Setup (Max at Slow Process Corner)
  Requirement:            20.000ns  (sys_clk_pin rise@20.000ns - sys_clk_pin rise@0.000ns)
  Data Path Delay:        19.256ns  (logic 3.518ns (18.269%)  route 15.738ns (81.731%))
  Logic Levels:           21  (LUT5=4 LUT6=17)
  Clock Path Skew:        -0.035ns (DCD - SCD + CPR)
    Destination Clock Delay (DCD):    4.831ns = ( 24.831 - 20.000 ) 
    Source Clock Delay      (SCD):    5.124ns
    Clock Pessimism Removal (CPR):    0.258ns
  Clock Uncertainty:      0.035ns  ((TSJ^2 + TIJ^2)^1/2 + DJ) / 2 + PE
    Total System Jitter     (TSJ):    0.071ns
    Total Input Jitter      (TIJ):    0.000ns
    Discrete Jitter          (DJ):    0.000ns
    Phase Error              (PE):    0.000ns

    Location             Delay type                Incr(ns)  Path(ns)    Netlist Resource(s)
  -------------------------------------------------------------------    -------------------
                         (clock sys_clk_pin rise edge)
                                                      0.000     0.000 r  
    W5                                                0.000     0.000 r  clk (IN)
                         net (fo=0)                   0.000     0.000    clk
    W5                   IBUF (Prop_ibuf_I_O)         1.458     1.458 r  clk_IBUF_inst/O
                         net (fo=1, routed)           1.967     3.425    clk_IBUF
    BUFGCTRL_X0Y0        BUFG (Prop_bufg_I_O)         0.096     3.521 r  clk_IBUF_BUFG_inst/O
                         net (fo=1260, routed)        1.603     5.124    pc_inst/clk_IBUF_BUFG
    SLICE_X7Y74          FDCE                                         r  pc_inst/PC_out_reg[5]/C
  -------------------------------------------------------------------    -------------------
    SLICE_X7Y74          FDCE (Prop_fdce_C_Q)         0.456     5.580 r  pc_inst/PC_out_reg[5]/Q
                         net (fo=219, routed)         1.751     7.330    pc_inst/Q[5]
    SLICE_X12Y77         LUT5 (Prop_lut5_I0_O)        0.150     7.480 r  pc_inst/out_carry__1_i_23/O
                         net (fo=4, routed)           0.765     8.245    imem/p_0_out_inferred__2/out_carry__0_i_16_0
    SLICE_X15Y80         LUT6 (Prop_lut6_I4_O)        0.328     8.573 r  imem/p_0_out_inferred__2/out_carry__0_i_36/O
                         net (fo=1, routed)           0.593     9.166    imem/p_0_out_inferred__2/out_carry__0_i_36_n_0
    SLICE_X15Y79         LUT6 (Prop_lut6_I5_O)        0.124     9.290 r  imem/p_0_out_inferred__2/out_carry__0_i_16/O
                         net (fo=257, routed)         2.116    11.406    rf/instruction[9]
    SLICE_X4Y52          LUT6 (Prop_lut6_I4_O)        0.124    11.530 f  rf/mem_reg_0_255_0_0_i_13/O
                         net (fo=2, routed)           0.929    12.459    rf/mem_reg_0_255_0_0_i_13_n_0
    SLICE_X4Y52          LUT6 (Prop_lut6_I1_O)        0.124    12.583 f  rf/probe_out_OBUF[0]_inst_i_6/O
                         net (fo=1, routed)           0.686    13.269    pc_inst/probe_out_OBUF[2]_inst_i_2_1
    SLICE_X5Y56          LUT5 (Prop_lut5_I1_O)        0.124    13.393 r  pc_inst/probe_out_OBUF[0]_inst_i_3/O
                         net (fo=4, routed)           0.644    14.037    pc_inst/probe_out_OBUF[0]_inst_i_3_n_0
    SLICE_X5Y58          LUT5 (Prop_lut5_I3_O)        0.150    14.187 r  pc_inst/probe_out_OBUF[2]_inst_i_2/O
                         net (fo=5, routed)           0.771    14.958    pc_inst/probe_out_OBUF[2]_inst_i_2_n_0
    SLICE_X3Y60          LUT6 (Prop_lut6_I5_O)        0.326    15.284 f  pc_inst/probe_out_OBUF[9]_inst_i_14/O
                         net (fo=1, routed)           0.302    15.586    rf/regs[1][18]_i_23
    SLICE_X5Y60          LUT6 (Prop_lut6_I1_O)        0.124    15.710 r  rf/probe_out_OBUF[9]_inst_i_5/O
                         net (fo=2, routed)           0.564    16.275    pc_inst/regs[1][18]_i_22_0
    SLICE_X7Y60          LUT6 (Prop_lut6_I5_O)        0.124    16.399 f  pc_inst/regs[1][18]_i_23/O
                         net (fo=1, routed)           0.539    16.937    pc_inst/regs[1][18]_i_23_n_0
    SLICE_X8Y59          LUT6 (Prop_lut6_I3_O)        0.124    17.061 r  pc_inst/regs[1][18]_i_22/O
                         net (fo=2, routed)           0.659    17.720    rf/regs[1][21]_i_20_0
    SLICE_X9Y59          LUT6 (Prop_lut6_I2_O)        0.124    17.844 f  rf/regs[1][21]_i_21/O
                         net (fo=1, routed)           0.290    18.134    rf/regs[1][21]_i_21_n_0
    SLICE_X9Y58          LUT6 (Prop_lut6_I1_O)        0.124    18.258 r  rf/regs[1][21]_i_20/O
                         net (fo=2, routed)           0.455    18.712    pc_inst/regs[1][27]_i_22_0
    SLICE_X11Y59         LUT6 (Prop_lut6_I5_O)        0.124    18.836 f  pc_inst/regs[1][27]_i_23/O
                         net (fo=1, routed)           0.546    19.383    pc_inst/regs[1][27]_i_23_n_0
    SLICE_X11Y62         LUT6 (Prop_lut6_I3_O)        0.124    19.507 r  pc_inst/regs[1][27]_i_22/O
                         net (fo=2, routed)           0.415    19.922    rf/regs[1][27]_i_5_0
    SLICE_X11Y63         LUT6 (Prop_lut6_I2_O)        0.124    20.046 f  rf/regs[1][27]_i_11/O
                         net (fo=1, routed)           0.404    20.450    rf/regs[1][27]_i_11_n_0
    SLICE_X11Y64         LUT6 (Prop_lut6_I1_O)        0.124    20.574 r  rf/regs[1][27]_i_5/O
                         net (fo=2, routed)           0.448    21.021    pc_inst/regs_reg[1][27]_2
    SLICE_X11Y66         LUT6 (Prop_lut6_I3_O)        0.124    21.145 r  pc_inst/regs[1][29]_i_3/O
                         net (fo=3, routed)           0.468    21.613    pc_inst/regs[1][29]_i_3_n_0
    SLICE_X9Y66          LUT6 (Prop_lut6_I0_O)        0.124    21.737 f  pc_inst/regs[1][29]_i_2/O
                         net (fo=2, routed)           0.857    22.594    pc_inst/regs[1][29]_i_2_n_0
    SLICE_X9Y66          LUT6 (Prop_lut6_I0_O)        0.124    22.718 r  pc_inst/PC_out[9]_i_2/O
                         net (fo=12, routed)          1.115    23.833    pc_inst/PC_out[9]_i_2_n_0
    SLICE_X6Y75          LUT5 (Prop_lut5_I2_O)        0.124    23.957 r  pc_inst/PC_out[7]_i_1/O
                         net (fo=1, routed)           0.423    24.380    pc_inst/pc_next[7]
    SLICE_X6Y75          FDCE                                         r  pc_inst/PC_out_reg[7]/D
  -------------------------------------------------------------------    -------------------

                         (clock sys_clk_pin rise edge)
                                                     20.000    20.000 r  
    W5                                                0.000    20.000 r  clk (IN)
                         net (fo=0)                   0.000    20.000    clk
    W5                   IBUF (Prop_ibuf_I_O)         1.388    21.388 r  clk_IBUF_inst/O
                         net (fo=1, routed)           1.862    23.250    clk_IBUF
    BUFGCTRL_X0Y0        BUFG (Prop_bufg_I_O)         0.091    23.341 r  clk_IBUF_BUFG_inst/O
                         net (fo=1260, routed)        1.490    24.831    pc_inst/clk_IBUF_BUFG
    SLICE_X6Y75          FDCE                                         r  pc_inst/PC_out_reg[7]/C
                         clock pessimism              0.258    25.089    
                         clock uncertainty           -0.035    25.054    
    SLICE_X6Y75          FDCE (Setup_fdce_C_D)       -0.031    25.023    pc_inst/PC_out_reg[7]
  -------------------------------------------------------------------
                         required time                         25.023    
                         arrival time                         -24.380    
  -------------------------------------------------------------------
                         slack                                  0.642    

Slack (MET) :             0.669ns  (required time - arrival time)
  Source:                 pc_inst/PC_out_reg[5]/C
                            (rising edge-triggered cell FDCE clocked by sys_clk_pin  {rise@0.000ns fall@10.000ns period=20.000ns})
  Destination:            rf/regs_reg[3][30]/D
                            (rising edge-triggered cell FDCE clocked by sys_clk_pin  {rise@0.000ns fall@10.000ns period=20.000ns})
  Path Group:             sys_clk_pin
  Path Type:              Setup (Max at Slow Process Corner)
  Requirement:            20.000ns  (sys_clk_pin rise@20.000ns - sys_clk_pin rise@0.000ns)
  Data Path Delay:        19.172ns  (logic 3.746ns (19.539%)  route 15.426ns (80.461%))
  Logic Levels:           21  (LUT4=1 LUT5=3 LUT6=17)
  Clock Path Skew:        -0.096ns (DCD - SCD + CPR)
    Destination Clock Delay (DCD):    4.770ns = ( 24.770 - 20.000 ) 
    Source Clock Delay      (SCD):    5.124ns
    Clock Pessimism Removal (CPR):    0.258ns
  Clock Uncertainty:      0.035ns  ((TSJ^2 + TIJ^2)^1/2 + DJ) / 2 + PE
    Total System Jitter     (TSJ):    0.071ns
    Total Input Jitter      (TIJ):    0.000ns
    Discrete Jitter          (DJ):    0.000ns
    Phase Error              (PE):    0.000ns

    Location             Delay type                Incr(ns)  Path(ns)    Netlist Resource(s)
  -------------------------------------------------------------------    -------------------
                         (clock sys_clk_pin rise edge)
                                                      0.000     0.000 r  
    W5                                                0.000     0.000 r  clk (IN)
                         net (fo=0)                   0.000     0.000    clk
    W5                   IBUF (Prop_ibuf_I_O)         1.458     1.458 r  clk_IBUF_inst/O
                         net (fo=1, routed)           1.967     3.425    clk_IBUF
    BUFGCTRL_X0Y0        BUFG (Prop_bufg_I_O)         0.096     3.521 r  clk_IBUF_BUFG_inst/O
                         net (fo=1260, routed)        1.603     5.124    pc_inst/clk_IBUF_BUFG
    SLICE_X7Y74          FDCE                                         r  pc_inst/PC_out_reg[5]/C
  -------------------------------------------------------------------    -------------------
    SLICE_X7Y74          FDCE (Prop_fdce_C_Q)         0.456     5.580 r  pc_inst/PC_out_reg[5]/Q
                         net (fo=219, routed)         1.751     7.330    pc_inst/Q[5]
    SLICE_X12Y77         LUT5 (Prop_lut5_I0_O)        0.150     7.480 r  pc_inst/out_carry__1_i_23/O
                         net (fo=4, routed)           0.765     8.245    imem/p_0_out_inferred__2/out_carry__0_i_16_0
    SLICE_X15Y80         LUT6 (Prop_lut6_I4_O)        0.328     8.573 r  imem/p_0_out_inferred__2/out_carry__0_i_36/O
                         net (fo=1, routed)           0.593     9.166    imem/p_0_out_inferred__2/out_carry__0_i_36_n_0
    SLICE_X15Y79         LUT6 (Prop_lut6_I5_O)        0.124     9.290 r  imem/p_0_out_inferred__2/out_carry__0_i_16/O
                         net (fo=257, routed)         2.116    11.406    rf/instruction[9]
    SLICE_X4Y52          LUT6 (Prop_lut6_I4_O)        0.124    11.530 f  rf/mem_reg_0_255_0_0_i_13/O
                         net (fo=2, routed)           0.929    12.459    rf/mem_reg_0_255_0_0_i_13_n_0
    SLICE_X4Y52          LUT6 (Prop_lut6_I1_O)        0.124    12.583 f  rf/probe_out_OBUF[0]_inst_i_6/O
                         net (fo=1, routed)           0.686    13.269    pc_inst/probe_out_OBUF[2]_inst_i_2_1
    SLICE_X5Y56          LUT5 (Prop_lut5_I1_O)        0.124    13.393 r  pc_inst/probe_out_OBUF[0]_inst_i_3/O
                         net (fo=4, routed)           0.644    14.037    pc_inst/probe_out_OBUF[0]_inst_i_3_n_0
    SLICE_X5Y58          LUT5 (Prop_lut5_I3_O)        0.150    14.187 r  pc_inst/probe_out_OBUF[2]_inst_i_2/O
                         net (fo=5, routed)           0.771    14.958    pc_inst/probe_out_OBUF[2]_inst_i_2_n_0
    SLICE_X3Y60          LUT6 (Prop_lut6_I5_O)        0.326    15.284 f  pc_inst/probe_out_OBUF[9]_inst_i_14/O
                         net (fo=1, routed)           0.302    15.586    rf/regs[1][18]_i_23
    SLICE_X5Y60          LUT6 (Prop_lut6_I1_O)        0.124    15.710 r  rf/probe_out_OBUF[9]_inst_i_5/O
                         net (fo=2, routed)           0.564    16.275    pc_inst/regs[1][18]_i_22_0
    SLICE_X7Y60          LUT6 (Prop_lut6_I5_O)        0.124    16.399 f  pc_inst/regs[1][18]_i_23/O
                         net (fo=1, routed)           0.539    16.937    pc_inst/regs[1][18]_i_23_n_0
    SLICE_X8Y59          LUT6 (Prop_lut6_I3_O)        0.124    17.061 r  pc_inst/regs[1][18]_i_22/O
                         net (fo=2, routed)           0.659    17.720    rf/regs[1][21]_i_20_0
    SLICE_X9Y59          LUT6 (Prop_lut6_I2_O)        0.124    17.844 f  rf/regs[1][21]_i_21/O
                         net (fo=1, routed)           0.290    18.134    rf/regs[1][21]_i_21_n_0
    SLICE_X9Y58          LUT6 (Prop_lut6_I1_O)        0.124    18.258 r  rf/regs[1][21]_i_20/O
                         net (fo=2, routed)           0.455    18.712    pc_inst/regs[1][27]_i_22_0
    SLICE_X11Y59         LUT6 (Prop_lut6_I5_O)        0.124    18.836 f  pc_inst/regs[1][27]_i_23/O
                         net (fo=1, routed)           0.546    19.383    pc_inst/regs[1][27]_i_23_n_0
    SLICE_X11Y62         LUT6 (Prop_lut6_I3_O)        0.124    19.507 r  pc_inst/regs[1][27]_i_22/O
                         net (fo=2, routed)           0.415    19.922    rf/regs[1][27]_i_5_0
    SLICE_X11Y63         LUT6 (Prop_lut6_I2_O)        0.124    20.046 f  rf/regs[1][27]_i_11/O
                         net (fo=1, routed)           0.404    20.450    rf/regs[1][27]_i_11_n_0
    SLICE_X11Y64         LUT6 (Prop_lut6_I1_O)        0.124    20.574 r  rf/regs[1][27]_i_5/O
                         net (fo=2, routed)           0.448    21.021    pc_inst/regs_reg[1][27]_2
    SLICE_X11Y66         LUT6 (Prop_lut6_I3_O)        0.124    21.145 r  pc_inst/regs[1][29]_i_3/O
                         net (fo=3, routed)           0.747    21.892    pc_inst/regs[1][29]_i_3_n_0
    SLICE_X9Y66          LUT4 (Prop_lut4_I2_O)        0.150    22.042 r  pc_inst/regs[1][30]_i_5/O
                         net (fo=1, routed)           0.502    22.544    pc_inst/regs[1][30]_i_5_n_0
    SLICE_X7Y66          LUT6 (Prop_lut6_I4_O)        0.326    22.870 f  pc_inst/regs[1][30]_i_2/O
                         net (fo=13, routed)          0.349    23.219    pc_inst/regs[1][30]_i_2_n_0
    SLICE_X7Y67          LUT6 (Prop_lut6_I4_O)        0.124    23.343 r  pc_inst/regs[1][30]_i_1/O
                         net (fo=31, routed)          0.953    24.296    rf/D[30]
    SLICE_X8Y70          FDCE                                         r  rf/regs_reg[3][30]/D
  -------------------------------------------------------------------    -------------------

                         (clock sys_clk_pin rise edge)
                                                     20.000    20.000 r  
    W5                                                0.000    20.000 r  clk (IN)
                         net (fo=0)                   0.000    20.000    clk
    W5                   IBUF (Prop_ibuf_I_O)         1.388    21.388 r  clk_IBUF_inst/O
                         net (fo=1, routed)           1.862    23.250    clk_IBUF
    BUFGCTRL_X0Y0        BUFG (Prop_bufg_I_O)         0.091    23.341 r  clk_IBUF_BUFG_inst/O
                         net (fo=1260, routed)        1.429    24.770    rf/CLK
    SLICE_X8Y70          FDCE                                         r  rf/regs_reg[3][30]/C
                         clock pessimism              0.258    25.028    
                         clock uncertainty           -0.035    24.993    
    SLICE_X8Y70          FDCE (Setup_fdce_C_D)       -0.028    24.965    rf/regs_reg[3][30]
  -------------------------------------------------------------------
                         required time                         24.965    
                         arrival time                         -24.296    
  -------------------------------------------------------------------
                         slack                                  0.669    

Slack (MET) :             0.743ns  (required time - arrival time)
  Source:                 pc_inst/PC_out_reg[5]/C
                            (rising edge-triggered cell FDCE clocked by sys_clk_pin  {rise@0.000ns fall@10.000ns period=20.000ns})
  Destination:            rf/regs_reg[16][31]/D
                            (rising edge-triggered cell FDCE clocked by sys_clk_pin  {rise@0.000ns fall@10.000ns period=20.000ns})
  Path Group:             sys_clk_pin
  Path Type:              Setup (Max at Slow Process Corner)
  Requirement:            20.000ns  (sys_clk_pin rise@20.000ns - sys_clk_pin rise@0.000ns)
  Data Path Delay:        19.133ns  (logic 3.518ns (18.387%)  route 15.615ns (81.613%))
  Logic Levels:           21  (LUT5=3 LUT6=18)
  Clock Path Skew:        -0.008ns (DCD - SCD + CPR)
    Destination Clock Delay (DCD):    4.845ns = ( 24.845 - 20.000 ) 
    Source Clock Delay      (SCD):    5.124ns
    Clock Pessimism Removal (CPR):    0.271ns
  Clock Uncertainty:      0.035ns  ((TSJ^2 + TIJ^2)^1/2 + DJ) / 2 + PE
    Total System Jitter     (TSJ):    0.071ns
    Total Input Jitter      (TIJ):    0.000ns
    Discrete Jitter          (DJ):    0.000ns
    Phase Error              (PE):    0.000ns

    Location             Delay type                Incr(ns)  Path(ns)    Netlist Resource(s)
  -------------------------------------------------------------------    -------------------
                         (clock sys_clk_pin rise edge)
                                                      0.000     0.000 r  
    W5                                                0.000     0.000 r  clk (IN)
                         net (fo=0)                   0.000     0.000    clk
    W5                   IBUF (Prop_ibuf_I_O)         1.458     1.458 r  clk_IBUF_inst/O
                         net (fo=1, routed)           1.967     3.425    clk_IBUF
    BUFGCTRL_X0Y0        BUFG (Prop_bufg_I_O)         0.096     3.521 r  clk_IBUF_BUFG_inst/O
                         net (fo=1260, routed)        1.603     5.124    pc_inst/clk_IBUF_BUFG
    SLICE_X7Y74          FDCE                                         r  pc_inst/PC_out_reg[5]/C
  -------------------------------------------------------------------    -------------------
    SLICE_X7Y74          FDCE (Prop_fdce_C_Q)         0.456     5.580 r  pc_inst/PC_out_reg[5]/Q
                         net (fo=219, routed)         1.751     7.330    pc_inst/Q[5]
    SLICE_X12Y77         LUT5 (Prop_lut5_I0_O)        0.150     7.480 r  pc_inst/out_carry__1_i_23/O
                         net (fo=4, routed)           0.765     8.245    imem/p_0_out_inferred__2/out_carry__0_i_16_0
    SLICE_X15Y80         LUT6 (Prop_lut6_I4_O)        0.328     8.573 r  imem/p_0_out_inferred__2/out_carry__0_i_36/O
                         net (fo=1, routed)           0.593     9.166    imem/p_0_out_inferred__2/out_carry__0_i_36_n_0
    SLICE_X15Y79         LUT6 (Prop_lut6_I5_O)        0.124     9.290 r  imem/p_0_out_inferred__2/out_carry__0_i_16/O
                         net (fo=257, routed)         2.116    11.406    rf/instruction[9]
    SLICE_X4Y52          LUT6 (Prop_lut6_I4_O)        0.124    11.530 f  rf/mem_reg_0_255_0_0_i_13/O
                         net (fo=2, routed)           0.929    12.459    rf/mem_reg_0_255_0_0_i_13_n_0
    SLICE_X4Y52          LUT6 (Prop_lut6_I1_O)        0.124    12.583 f  rf/probe_out_OBUF[0]_inst_i_6/O
                         net (fo=1, routed)           0.686    13.269    pc_inst/probe_out_OBUF[2]_inst_i_2_1
    SLICE_X5Y56          LUT5 (Prop_lut5_I1_O)        0.124    13.393 r  pc_inst/probe_out_OBUF[0]_inst_i_3/O
                         net (fo=4, routed)           0.644    14.037    pc_inst/probe_out_OBUF[0]_inst_i_3_n_0
    SLICE_X5Y58          LUT5 (Prop_lut5_I3_O)        0.150    14.187 f  pc_inst/probe_out_OBUF[2]_inst_i_2/O
                         net (fo=5, routed)           0.771    14.958    pc_inst/probe_out_OBUF[2]_inst_i_2_n_0
    SLICE_X3Y60          LUT6 (Prop_lut6_I5_O)        0.326    15.284 r  pc_inst/probe_out_OBUF[9]_inst_i_14/O
                         net (fo=1, routed)           0.302    15.586    rf/regs[1][18]_i_23
    SLICE_X5Y60          LUT6 (Prop_lut6_I1_O)        0.124    15.710 f  rf/probe_out_OBUF[9]_inst_i_5/O
                         net (fo=2, routed)           0.564    16.275    pc_inst/regs[1][18]_i_22_0
    SLICE_X7Y60          LUT6 (Prop_lut6_I5_O)        0.124    16.399 r  pc_inst/regs[1][18]_i_23/O
                         net (fo=1, routed)           0.539    16.937    pc_inst/regs[1][18]_i_23_n_0
    SLICE_X8Y59          LUT6 (Prop_lut6_I3_O)        0.124    17.061 f  pc_inst/regs[1][18]_i_22/O
                         net (fo=2, routed)           0.659    17.720    rf/regs[1][21]_i_20_0
    SLICE_X9Y59          LUT6 (Prop_lut6_I2_O)        0.124    17.844 r  rf/regs[1][21]_i_21/O
                         net (fo=1, routed)           0.290    18.134    rf/regs[1][21]_i_21_n_0
    SLICE_X9Y58          LUT6 (Prop_lut6_I1_O)        0.124    18.258 f  rf/regs[1][21]_i_20/O
                         net (fo=2, routed)           0.455    18.712    pc_inst/regs[1][27]_i_22_0
    SLICE_X11Y59         LUT6 (Prop_lut6_I5_O)        0.124    18.836 r  pc_inst/regs[1][27]_i_23/O
                         net (fo=1, routed)           0.546    19.383    pc_inst/regs[1][27]_i_23_n_0
    SLICE_X11Y62         LUT6 (Prop_lut6_I3_O)        0.124    19.507 f  pc_inst/regs[1][27]_i_22/O
                         net (fo=2, routed)           0.415    19.922    rf/regs[1][27]_i_5_0
    SLICE_X11Y63         LUT6 (Prop_lut6_I2_O)        0.124    20.046 r  rf/regs[1][27]_i_11/O
                         net (fo=1, routed)           0.404    20.450    rf/regs[1][27]_i_11_n_0
    SLICE_X11Y64         LUT6 (Prop_lut6_I1_O)        0.124    20.574 f  rf/regs[1][27]_i_5/O
                         net (fo=2, routed)           0.448    21.021    pc_inst/regs_reg[1][27]_2
    SLICE_X11Y66         LUT6 (Prop_lut6_I3_O)        0.124    21.145 f  pc_inst/regs[1][29]_i_3/O
                         net (fo=3, routed)           0.665    21.810    pc_inst/regs[1][29]_i_3_n_0
    SLICE_X7Y66          LUT6 (Prop_lut6_I4_O)        0.124    21.934 r  pc_inst/regs[1][31]_i_12/O
                         net (fo=1, routed)           0.548    22.482    pc_inst/regs[1][31]_i_12_n_0
    SLICE_X7Y64          LUT6 (Prop_lut6_I0_O)        0.124    22.606 f  pc_inst/regs[1][31]_i_7/O
                         net (fo=13, routed)          0.450    23.056    pc_inst/regs[1][31]_i_7_n_0
    SLICE_X5Y64          LUT6 (Prop_lut6_I4_O)        0.124    23.180 r  pc_inst/regs[1][31]_i_2/O
                         net (fo=31, routed)          1.076    24.257    rf/D[31]
    SLICE_X7Y61          FDCE                                         r  rf/regs_reg[16][31]/D
  -------------------------------------------------------------------    -------------------

                         (clock sys_clk_pin rise edge)
                                                     20.000    20.000 r  
    W5                                                0.000    20.000 r  clk (IN)
                         net (fo=0)                   0.000    20.000    clk
    W5                   IBUF (Prop_ibuf_I_O)         1.388    21.388 r  clk_IBUF_inst/O
                         net (fo=1, routed)           1.862    23.250    clk_IBUF
    BUFGCTRL_X0Y0        BUFG (Prop_bufg_I_O)         0.091    23.341 r  clk_IBUF_BUFG_inst/O
                         net (fo=1260, routed)        1.504    24.845    rf/CLK
    SLICE_X7Y61          FDCE                                         r  rf/regs_reg[16][31]/C
                         clock pessimism              0.271    25.116    
                         clock uncertainty           -0.035    25.081    
    SLICE_X7Y61          FDCE (Setup_fdce_C_D)       -0.081    25.000    rf/regs_reg[16][31]
  -------------------------------------------------------------------
                         required time                         25.000    
                         arrival time                         -24.257    
  -------------------------------------------------------------------
                         slack                                  0.743    





Min Delay Paths
--------------------------------------------------------------------------------------
Slack (MET) :             0.380ns  (arrival time - required time)
  Source:                 pc_inst/PC_out_reg[1]/C
                            (rising edge-triggered cell FDCE clocked by sys_clk_pin  {rise@0.000ns fall@10.000ns period=20.000ns})
  Destination:            pc_inst/PC_out_reg[1]/D
                            (rising edge-triggered cell FDCE clocked by sys_clk_pin  {rise@0.000ns fall@10.000ns period=20.000ns})
  Path Group:             sys_clk_pin
  Path Type:              Hold (Min at Fast Process Corner)
  Requirement:            0.000ns  (sys_clk_pin rise@0.000ns - sys_clk_pin rise@0.000ns)
  Data Path Delay:        0.500ns  (logic 0.209ns (41.777%)  route 0.291ns (58.223%))
  Logic Levels:           1  (LUT5=1)
  Clock Path Skew:        0.000ns (DCD - SCD - CPR)
    Destination Clock Delay (DCD):    1.976ns
    Source Clock Delay      (SCD):    1.464ns
    Clock Pessimism Removal (CPR):    0.512ns

    Location             Delay type                Incr(ns)  Path(ns)    Netlist Resource(s)
  -------------------------------------------------------------------    -------------------
                         (clock sys_clk_pin rise edge)
                                                      0.000     0.000 r  
    W5                                                0.000     0.000 r  clk (IN)
                         net (fo=0)                   0.000     0.000    clk
    W5                   IBUF (Prop_ibuf_I_O)         0.226     0.226 r  clk_IBUF_inst/O
                         net (fo=1, routed)           0.631     0.858    clk_IBUF
    BUFGCTRL_X0Y0        BUFG (Prop_bufg_I_O)         0.026     0.884 r  clk_IBUF_BUFG_inst/O
                         net (fo=1260, routed)        0.581     1.464    pc_inst/clk_IBUF_BUFG
    SLICE_X6Y72          FDCE                                         r  pc_inst/PC_out_reg[1]/C
  -------------------------------------------------------------------    -------------------
    SLICE_X6Y72          FDCE (Prop_fdce_C_Q)         0.164     1.628 r  pc_inst/PC_out_reg[1]/Q
                         net (fo=79, routed)          0.291     1.919    pc_inst/Q[1]
    SLICE_X6Y72          LUT5 (Prop_lut5_I4_O)        0.045     1.964 r  pc_inst/PC_out[1]_i_1/O
                         net (fo=1, routed)           0.000     1.964    pc_inst/pc_next[1]
    SLICE_X6Y72          FDCE                                         r  pc_inst/PC_out_reg[1]/D
  -------------------------------------------------------------------    -------------------

                         (clock sys_clk_pin rise edge)
                                                      0.000     0.000 r  
    W5                                                0.000     0.000 r  clk (IN)
                         net (fo=0)                   0.000     0.000    clk
    W5                   IBUF (Prop_ibuf_I_O)         0.414     0.414 r  clk_IBUF_inst/O
                         net (fo=1, routed)           0.685     1.099    clk_IBUF
    BUFGCTRL_X0Y0        BUFG (Prop_bufg_I_O)         0.029     1.128 r  clk_IBUF_BUFG_inst/O
                         net (fo=1260, routed)        0.849     1.976    pc_inst/clk_IBUF_BUFG
    SLICE_X6Y72          FDCE                                         r  pc_inst/PC_out_reg[1]/C
                         clock pessimism             -0.512     1.464    
    SLICE_X6Y72          FDCE (Hold_fdce_C_D)         0.120     1.584    pc_inst/PC_out_reg[1]
  -------------------------------------------------------------------
                         required time                         -1.584    
                         arrival time                           1.964    
  -------------------------------------------------------------------
                         slack                                  0.380    

Slack (MET) :             0.446ns  (arrival time - required time)
  Source:                 rf/regs_reg[4][18]/C
                            (rising edge-triggered cell FDCE clocked by sys_clk_pin  {rise@0.000ns fall@10.000ns period=20.000ns})
  Destination:            dmem/mem_reg_0_255_18_18/RAMS64E_D/I
                            (rising edge-triggered cell RAMS64E clocked by sys_clk_pin  {rise@0.000ns fall@10.000ns period=20.000ns})
  Path Group:             sys_clk_pin
  Path Type:              Hold (Min at Fast Process Corner)
  Requirement:            0.000ns  (sys_clk_pin rise@0.000ns - sys_clk_pin rise@0.000ns)
  Data Path Delay:        0.857ns  (logic 0.382ns (44.560%)  route 0.475ns (55.440%))
  Logic Levels:           3  (LUT6=2 MUXF7=1)
  Clock Path Skew:        0.267ns (DCD - SCD - CPR)
    Destination Clock Delay (DCD):    1.961ns
    Source Clock Delay      (SCD):    1.450ns
    Clock Pessimism Removal (CPR):    0.244ns

    Location             Delay type                Incr(ns)  Path(ns)    Netlist Resource(s)
  -------------------------------------------------------------------    -------------------
                         (clock sys_clk_pin rise edge)
                                                      0.000     0.000 r  
    W5                                                0.000     0.000 r  clk (IN)
                         net (fo=0)                   0.000     0.000    clk
    W5                   IBUF (Prop_ibuf_I_O)         0.226     0.226 r  clk_IBUF_inst/O
                         net (fo=1, routed)           0.631     0.858    clk_IBUF
    BUFGCTRL_X0Y0        BUFG (Prop_bufg_I_O)         0.026     0.884 r  clk_IBUF_BUFG_inst/O
                         net (fo=1260, routed)        0.567     1.450    rf/CLK
    SLICE_X8Y48          FDCE                                         r  rf/regs_reg[4][18]/C
  -------------------------------------------------------------------    -------------------
    SLICE_X8Y48          FDCE (Prop_fdce_C_Q)         0.164     1.614 r  rf/regs_reg[4][18]/Q
                         net (fo=2, routed)           0.146     1.760    rf/regs_reg[4]_3[18]
    SLICE_X9Y48          LUT6 (Prop_lut6_I5_O)        0.045     1.805 r  rf/mem_reg_0_255_18_18_i_13/O
                         net (fo=1, routed)           0.000     1.805    rf/mem_reg_0_255_18_18_i_13_n_0
    SLICE_X9Y48          MUXF7 (Prop_muxf7_I1_O)      0.065     1.870 r  rf/mem_reg_0_255_18_18_i_5/O
                         net (fo=1, routed)           0.113     1.983    rf/mem_reg_0_255_18_18_i_5_n_0
    SLICE_X11Y49         LUT6 (Prop_lut6_I5_O)        0.108     2.091 r  rf/mem_reg_0_255_18_18_i_1/O
                         net (fo=9, routed)           0.216     2.307    dmem/mem_reg_0_255_18_18/D
    SLICE_X10Y55         RAMS64E                                      r  dmem/mem_reg_0_255_18_18/RAMS64E_D/I
  -------------------------------------------------------------------    -------------------

                         (clock sys_clk_pin rise edge)
                                                      0.000     0.000 r  
    W5                                                0.000     0.000 r  clk (IN)
                         net (fo=0)                   0.000     0.000    clk
    W5                   IBUF (Prop_ibuf_I_O)         0.414     0.414 r  clk_IBUF_inst/O
                         net (fo=1, routed)           0.685     1.099    clk_IBUF
    BUFGCTRL_X0Y0        BUFG (Prop_bufg_I_O)         0.029     1.128 r  clk_IBUF_BUFG_inst/O
                         net (fo=1260, routed)        0.833     1.961    dmem/mem_reg_0_255_18_18/WCLK
    SLICE_X10Y55         RAMS64E                                      r  dmem/mem_reg_0_255_18_18/RAMS64E_D/CLK
                         clock pessimism             -0.244     1.717    
    SLICE_X10Y55         RAMS64E (Hold_rams64e_CLK_I)
                                                      0.144     1.861    dmem/mem_reg_0_255_18_18/RAMS64E_D
  -------------------------------------------------------------------
                         required time                         -1.861    
                         arrival time                           2.307    
  -------------------------------------------------------------------
                         slack                                  0.446    

Slack (MET) :             0.485ns  (arrival time - required time)
  Source:                 rf/regs_reg[4][18]/C
                            (rising edge-triggered cell FDCE clocked by sys_clk_pin  {rise@0.000ns fall@10.000ns period=20.000ns})
  Destination:            dmem/mem_reg_0_255_18_18/RAMS64E_B/I
                            (rising edge-triggered cell RAMS64E clocked by sys_clk_pin  {rise@0.000ns fall@10.000ns period=20.000ns})
  Path Group:             sys_clk_pin
  Path Type:              Hold (Min at Fast Process Corner)
  Requirement:            0.000ns  (sys_clk_pin rise@0.000ns - sys_clk_pin rise@0.000ns)
  Data Path Delay:        0.857ns  (logic 0.382ns (44.560%)  route 0.475ns (55.440%))
  Logic Levels:           3  (LUT6=2 MUXF7=1)
  Clock Path Skew:        0.267ns (DCD - SCD - CPR)
    Destination Clock Delay (DCD):    1.961ns
    Source Clock Delay      (SCD):    1.450ns
    Clock Pessimism Removal (CPR):    0.244ns

    Location             Delay type                Incr(ns)  Path(ns)    Netlist Resource(s)
  -------------------------------------------------------------------    -------------------
                         (clock sys_clk_pin rise edge)
                                                      0.000     0.000 r  
    W5                                                0.000     0.000 r  clk (IN)
                         net (fo=0)                   0.000     0.000    clk
    W5                   IBUF (Prop_ibuf_I_O)         0.226     0.226 r  clk_IBUF_inst/O
                         net (fo=1, routed)           0.631     0.858    clk_IBUF
    BUFGCTRL_X0Y0        BUFG (Prop_bufg_I_O)         0.026     0.884 r  clk_IBUF_BUFG_inst/O
                         net (fo=1260, routed)        0.567     1.450    rf/CLK
    SLICE_X8Y48          FDCE                                         r  rf/regs_reg[4][18]/C
  -------------------------------------------------------------------    -------------------
    SLICE_X8Y48          FDCE (Prop_fdce_C_Q)         0.164     1.614 r  rf/regs_reg[4][18]/Q
                         net (fo=2, routed)           0.146     1.760    rf/regs_reg[4]_3[18]
    SLICE_X9Y48          LUT6 (Prop_lut6_I5_O)        0.045     1.805 r  rf/mem_reg_0_255_18_18_i_13/O
                         net (fo=1, routed)           0.000     1.805    rf/mem_reg_0_255_18_18_i_13_n_0
    SLICE_X9Y48          MUXF7 (Prop_muxf7_I1_O)      0.065     1.870 r  rf/mem_reg_0_255_18_18_i_5/O
                         net (fo=1, routed)           0.113     1.983    rf/mem_reg_0_255_18_18_i_5_n_0
    SLICE_X11Y49         LUT6 (Prop_lut6_I5_O)        0.108     2.091 r  rf/mem_reg_0_255_18_18_i_1/O
                         net (fo=9, routed)           0.216     2.307    dmem/mem_reg_0_255_18_18/D
    SLICE_X10Y55         RAMS64E                                      r  dmem/mem_reg_0_255_18_18/RAMS64E_B/I
  -------------------------------------------------------------------    -------------------

                         (clock sys_clk_pin rise edge)
                                                      0.000     0.000 r  
    W5                                                0.000     0.000 r  clk (IN)
                         net (fo=0)                   0.000     0.000    clk
    W5                   IBUF (Prop_ibuf_I_O)         0.414     0.414 r  clk_IBUF_inst/O
                         net (fo=1, routed)           0.685     1.099    clk_IBUF
    BUFGCTRL_X0Y0        BUFG (Prop_bufg_I_O)         0.029     1.128 r  clk_IBUF_BUFG_inst/O
                         net (fo=1260, routed)        0.833     1.961    dmem/mem_reg_0_255_18_18/WCLK
    SLICE_X10Y55         RAMS64E                                      r  dmem/mem_reg_0_255_18_18/RAMS64E_B/CLK
                         clock pessimism             -0.244     1.717    
    SLICE_X10Y55         RAMS64E (Hold_rams64e_CLK_I)
                                                      0.105     1.822    dmem/mem_reg_0_255_18_18/RAMS64E_B
  -------------------------------------------------------------------
                         required time                         -1.822    
                         arrival time                           2.307    
  -------------------------------------------------------------------
                         slack                                  0.485    

Slack (MET) :             0.487ns  (arrival time - required time)
  Source:                 rf/regs_reg[31][0]/C
                            (rising edge-triggered cell FDPE clocked by sys_clk_pin  {rise@0.000ns fall@10.000ns period=20.000ns})
  Destination:            dmem/mem_reg_0_255_0_0/RAMS64E_D/I
                            (rising edge-triggered cell RAMS64E clocked by sys_clk_pin  {rise@0.000ns fall@10.000ns period=20.000ns})
  Path Group:             sys_clk_pin
  Path Type:              Hold (Min at Fast Process Corner)
  Requirement:            0.000ns  (sys_clk_pin rise@0.000ns - sys_clk_pin rise@0.000ns)
  Data Path Delay:        0.902ns  (logic 0.359ns (39.813%)  route 0.543ns (60.187%))
  Logic Levels:           3  (LUT6=2 MUXF7=1)
  Clock Path Skew:        0.271ns (DCD - SCD - CPR)
    Destination Clock Delay (DCD):    1.992ns
    Source Clock Delay      (SCD):    1.477ns
    Clock Pessimism Removal (CPR):    0.244ns

    Location             Delay type                Incr(ns)  Path(ns)    Netlist Resource(s)
  -------------------------------------------------------------------    -------------------
                         (clock sys_clk_pin rise edge)
                                                      0.000     0.000 r  
    W5                                                0.000     0.000 r  clk (IN)
                         net (fo=0)                   0.000     0.000    clk
    W5                   IBUF (Prop_ibuf_I_O)         0.226     0.226 r  clk_IBUF_inst/O
                         net (fo=1, routed)           0.631     0.858    clk_IBUF
    BUFGCTRL_X0Y0        BUFG (Prop_bufg_I_O)         0.026     0.884 r  clk_IBUF_BUFG_inst/O
                         net (fo=1260, routed)        0.594     1.477    rf/CLK
    SLICE_X4Y49          FDPE                                         r  rf/regs_reg[31][0]/C
  -------------------------------------------------------------------    -------------------
    SLICE_X4Y49          FDPE (Prop_fdpe_C_Q)         0.141     1.618 r  rf/regs_reg[31][0]/Q
                         net (fo=2, routed)           0.275     1.893    rf/regs_reg[31]_30[0]
    SLICE_X4Y52          LUT6 (Prop_lut6_I0_O)        0.045     1.938 r  rf/mem_reg_0_255_0_0_i_14/O
                         net (fo=2, routed)           0.000     1.938    rf/mem_reg_0_255_0_0_i_14_n_0
    SLICE_X4Y52          MUXF7 (Prop_muxf7_I1_O)      0.065     2.003 r  rf/mem_reg_0_255_0_0_i_3/O
                         net (fo=1, routed)           0.146     2.149    rf/mem_reg_0_255_0_0_i_3_n_0
    SLICE_X3Y52          LUT6 (Prop_lut6_I0_O)        0.108     2.257 r  rf/mem_reg_0_255_0_0_i_1/O
                         net (fo=8, routed)           0.122     2.379    dmem/mem_reg_0_255_0_0/D
    SLICE_X2Y51          RAMS64E                                      r  dmem/mem_reg_0_255_0_0/RAMS64E_D/I
  -------------------------------------------------------------------    -------------------

                         (clock sys_clk_pin rise edge)
                                                      0.000     0.000 r  
    W5                                                0.000     0.000 r  clk (IN)
                         net (fo=0)                   0.000     0.000    clk
    W5                   IBUF (Prop_ibuf_I_O)         0.414     0.414 r  clk_IBUF_inst/O
                         net (fo=1, routed)           0.685     1.099    clk_IBUF
    BUFGCTRL_X0Y0        BUFG (Prop_bufg_I_O)         0.029     1.128 r  clk_IBUF_BUFG_inst/O
                         net (fo=1260, routed)        0.864     1.992    dmem/mem_reg_0_255_0_0/WCLK
    SLICE_X2Y51          RAMS64E                                      r  dmem/mem_reg_0_255_0_0/RAMS64E_D/CLK
                         clock pessimism             -0.244     1.748    
    SLICE_X2Y51          RAMS64E (Hold_rams64e_CLK_I)
                                                      0.144     1.892    dmem/mem_reg_0_255_0_0/RAMS64E_D
  -------------------------------------------------------------------
                         required time                         -1.892    
                         arrival time                           2.379    
  -------------------------------------------------------------------
                         slack                                  0.487    

Slack (MET) :             0.489ns  (arrival time - required time)
  Source:                 rf/regs_reg[4][18]/C
                            (rising edge-triggered cell FDCE clocked by sys_clk_pin  {rise@0.000ns fall@10.000ns period=20.000ns})
  Destination:            dmem/mem_reg_0_255_18_18/RAMS64E_C/I
                            (rising edge-triggered cell RAMS64E clocked by sys_clk_pin  {rise@0.000ns fall@10.000ns period=20.000ns})
  Path Group:             sys_clk_pin
  Path Type:              Hold (Min at Fast Process Corner)
  Requirement:            0.000ns  (sys_clk_pin rise@0.000ns - sys_clk_pin rise@0.000ns)
  Data Path Delay:        0.857ns  (logic 0.382ns (44.560%)  route 0.475ns (55.440%))
  Logic Levels:           3  (LUT6=2 MUXF7=1)
  Clock Path Skew:        0.267ns (DCD - SCD - CPR)
    Destination Clock Delay (DCD):    1.961ns
    Source Clock Delay      (SCD):    1.450ns
    Clock Pessimism Removal (CPR):    0.244ns

    Location             Delay type                Incr(ns)  Path(ns)    Netlist Resource(s)
  -------------------------------------------------------------------    -------------------
                         (clock sys_clk_pin rise edge)
                                                      0.000     0.000 r  
    W5                                                0.000     0.000 r  clk (IN)
                         net (fo=0)                   0.000     0.000    clk
    W5                   IBUF (Prop_ibuf_I_O)         0.226     0.226 r  clk_IBUF_inst/O
                         net (fo=1, routed)           0.631     0.858    clk_IBUF
    BUFGCTRL_X0Y0        BUFG (Prop_bufg_I_O)         0.026     0.884 r  clk_IBUF_BUFG_inst/O
                         net (fo=1260, routed)        0.567     1.450    rf/CLK
    SLICE_X8Y48          FDCE                                         r  rf/regs_reg[4][18]/C
  -------------------------------------------------------------------    -------------------
    SLICE_X8Y48          FDCE (Prop_fdce_C_Q)         0.164     1.614 r  rf/regs_reg[4][18]/Q
                         net (fo=2, routed)           0.146     1.760    rf/regs_reg[4]_3[18]
    SLICE_X9Y48          LUT6 (Prop_lut6_I5_O)        0.045     1.805 r  rf/mem_reg_0_255_18_18_i_13/O
                         net (fo=1, routed)           0.000     1.805    rf/mem_reg_0_255_18_18_i_13_n_0
    SLICE_X9Y48          MUXF7 (Prop_muxf7_I1_O)      0.065     1.870 r  rf/mem_reg_0_255_18_18_i_5/O
                         net (fo=1, routed)           0.113     1.983    rf/mem_reg_0_255_18_18_i_5_n_0
    SLICE_X11Y49         LUT6 (Prop_lut6_I5_O)        0.108     2.091 r  rf/mem_reg_0_255_18_18_i_1/O
                         net (fo=9, routed)           0.216     2.307    dmem/mem_reg_0_255_18_18/D
    SLICE_X10Y55         RAMS64E                                      r  dmem/mem_reg_0_255_18_18/RAMS64E_C/I
  -------------------------------------------------------------------    -------------------

                         (clock sys_clk_pin rise edge)
                                                      0.000     0.000 r  
    W5                                                0.000     0.000 r  clk (IN)
                         net (fo=0)                   0.000     0.000    clk
    W5                   IBUF (Prop_ibuf_I_O)         0.414     0.414 r  clk_IBUF_inst/O
                         net (fo=1, routed)           0.685     1.099    clk_IBUF
    BUFGCTRL_X0Y0        BUFG (Prop_bufg_I_O)         0.029     1.128 r  clk_IBUF_BUFG_inst/O
                         net (fo=1260, routed)        0.833     1.961    dmem/mem_reg_0_255_18_18/WCLK
    SLICE_X10Y55         RAMS64E                                      r  dmem/mem_reg_0_255_18_18/RAMS64E_C/CLK
                         clock pessimism             -0.244     1.717    
    SLICE_X10Y55         RAMS64E (Hold_rams64e_CLK_I)
                                                      0.101     1.818    dmem/mem_reg_0_255_18_18/RAMS64E_C
  -------------------------------------------------------------------
                         required time                         -1.818    
                         arrival time                           2.307    
  -------------------------------------------------------------------
                         slack                                  0.489    

Slack (MET) :             0.492ns  (arrival time - required time)
  Source:                 rf/regs_reg[31][0]/C
                            (rising edge-triggered cell FDPE clocked by sys_clk_pin  {rise@0.000ns fall@10.000ns period=20.000ns})
  Destination:            dmem/mem_reg_256_511_0_0/RAMS64E_D/I
                            (rising edge-triggered cell RAMS64E clocked by sys_clk_pin  {rise@0.000ns fall@10.000ns period=20.000ns})
  Path Group:             sys_clk_pin
  Path Type:              Hold (Min at Fast Process Corner)
  Requirement:            0.000ns  (sys_clk_pin rise@0.000ns - sys_clk_pin rise@0.000ns)
  Data Path Delay:        0.907ns  (logic 0.359ns (39.586%)  route 0.548ns (60.414%))
  Logic Levels:           3  (LUT6=2 MUXF7=1)
  Clock Path Skew:        0.271ns (DCD - SCD - CPR)
    Destination Clock Delay (DCD):    1.992ns
    Source Clock Delay      (SCD):    1.477ns
    Clock Pessimism Removal (CPR):    0.244ns

    Location             Delay type                Incr(ns)  Path(ns)    Netlist Resource(s)
  -------------------------------------------------------------------    -------------------
                         (clock sys_clk_pin rise edge)
                                                      0.000     0.000 r  
    W5                                                0.000     0.000 r  clk (IN)
                         net (fo=0)                   0.000     0.000    clk
    W5                   IBUF (Prop_ibuf_I_O)         0.226     0.226 r  clk_IBUF_inst/O
                         net (fo=1, routed)           0.631     0.858    clk_IBUF
    BUFGCTRL_X0Y0        BUFG (Prop_bufg_I_O)         0.026     0.884 r  clk_IBUF_BUFG_inst/O
                         net (fo=1260, routed)        0.594     1.477    rf/CLK
    SLICE_X4Y49          FDPE                                         r  rf/regs_reg[31][0]/C
  -------------------------------------------------------------------    -------------------
    SLICE_X4Y49          FDPE (Prop_fdpe_C_Q)         0.141     1.618 r  rf/regs_reg[31][0]/Q
                         net (fo=2, routed)           0.275     1.893    rf/regs_reg[31]_30[0]
    SLICE_X4Y52          LUT6 (Prop_lut6_I0_O)        0.045     1.938 r  rf/mem_reg_0_255_0_0_i_14/O
                         net (fo=2, routed)           0.000     1.938    rf/mem_reg_0_255_0_0_i_14_n_0
    SLICE_X4Y52          MUXF7 (Prop_muxf7_I1_O)      0.065     2.003 r  rf/mem_reg_0_255_0_0_i_3/O
                         net (fo=1, routed)           0.146     2.149    rf/mem_reg_0_255_0_0_i_3_n_0
    SLICE_X3Y52          LUT6 (Prop_lut6_I0_O)        0.108     2.257 r  rf/mem_reg_0_255_0_0_i_1/O
                         net (fo=8, routed)           0.127     2.384    dmem/mem_reg_256_511_0_0/D
    SLICE_X2Y50          RAMS64E                                      r  dmem/mem_reg_256_511_0_0/RAMS64E_D/I
  -------------------------------------------------------------------    -------------------

                         (clock sys_clk_pin rise edge)
                                                      0.000     0.000 r  
    W5                                                0.000     0.000 r  clk (IN)
                         net (fo=0)                   0.000     0.000    clk
    W5                   IBUF (Prop_ibuf_I_O)         0.414     0.414 r  clk_IBUF_inst/O
                         net (fo=1, routed)           0.685     1.099    clk_IBUF
    BUFGCTRL_X0Y0        BUFG (Prop_bufg_I_O)         0.029     1.128 r  clk_IBUF_BUFG_inst/O
                         net (fo=1260, routed)        0.864     1.992    dmem/mem_reg_256_511_0_0/WCLK
    SLICE_X2Y50          RAMS64E                                      r  dmem/mem_reg_256_511_0_0/RAMS64E_D/CLK
                         clock pessimism             -0.244     1.748    
    SLICE_X2Y50          RAMS64E (Hold_rams64e_CLK_I)
                                                      0.144     1.892    dmem/mem_reg_256_511_0_0/RAMS64E_D
  -------------------------------------------------------------------
                         required time                         -1.892    
                         arrival time                           2.384    
  -------------------------------------------------------------------
                         slack                                  0.492    

Slack (MET) :             0.516ns  (arrival time - required time)
  Source:                 rf/regs_reg[28][11]/C
                            (rising edge-triggered cell FDCE clocked by sys_clk_pin  {rise@0.000ns fall@10.000ns period=20.000ns})
  Destination:            dmem/mem_reg_256_511_11_11/RAMS64E_D/I
                            (rising edge-triggered cell RAMS64E clocked by sys_clk_pin  {rise@0.000ns fall@10.000ns period=20.000ns})
  Path Group:             sys_clk_pin
  Path Type:              Hold (Min at Fast Process Corner)
  Requirement:            0.000ns  (sys_clk_pin rise@0.000ns - sys_clk_pin rise@0.000ns)
  Data Path Delay:        0.932ns  (logic 0.359ns (38.516%)  route 0.573ns (61.485%))
  Logic Levels:           3  (LUT6=2 MUXF7=1)
  Clock Path Skew:        0.272ns (DCD - SCD - CPR)
    Destination Clock Delay (DCD):    1.964ns
    Source Clock Delay      (SCD):    1.448ns
    Clock Pessimism Removal (CPR):    0.244ns

    Location             Delay type                Incr(ns)  Path(ns)    Netlist Resource(s)
  -------------------------------------------------------------------    -------------------
                         (clock sys_clk_pin rise edge)
                                                      0.000     0.000 r  
    W5                                                0.000     0.000 r  clk (IN)
                         net (fo=0)                   0.000     0.000    clk
    W5                   IBUF (Prop_ibuf_I_O)         0.226     0.226 r  clk_IBUF_inst/O
                         net (fo=1, routed)           0.631     0.858    clk_IBUF
    BUFGCTRL_X0Y0        BUFG (Prop_bufg_I_O)         0.026     0.884 r  clk_IBUF_BUFG_inst/O
                         net (fo=1260, routed)        0.565     1.448    rf/CLK
    SLICE_X15Y51         FDCE                                         r  rf/regs_reg[28][11]/C
  -------------------------------------------------------------------    -------------------
    SLICE_X15Y51         FDCE (Prop_fdce_C_Q)         0.141     1.589 r  rf/regs_reg[28][11]/Q
                         net (fo=2, routed)           0.183     1.772    rf/regs_reg[28]_27[11]
    SLICE_X15Y48         LUT6 (Prop_lut6_I0_O)        0.045     1.817 r  rf/mem_reg_0_255_11_11_i_13/O
                         net (fo=1, routed)           0.000     1.817    rf/mem_reg_0_255_11_11_i_13_n_0
    SLICE_X15Y48         MUXF7 (Prop_muxf7_I1_O)      0.065     1.882 r  rf/mem_reg_0_255_11_11_i_5/O
                         net (fo=1, routed)           0.183     2.065    rf/mem_reg_0_255_11_11_i_5_n_0
    SLICE_X13Y48         LUT6 (Prop_lut6_I5_O)        0.108     2.173 r  rf/mem_reg_0_255_11_11_i_1/O
                         net (fo=9, routed)           0.207     2.380    dmem/mem_reg_256_511_11_11/D
    SLICE_X12Y49         RAMS64E                                      r  dmem/mem_reg_256_511_11_11/RAMS64E_D/I
  -------------------------------------------------------------------    -------------------

                         (clock sys_clk_pin rise edge)
                                                      0.000     0.000 r  
    W5                                                0.000     0.000 r  clk (IN)
                         net (fo=0)                   0.000     0.000    clk
    W5                   IBUF (Prop_ibuf_I_O)         0.414     0.414 r  clk_IBUF_inst/O
                         net (fo=1, routed)           0.685     1.099    clk_IBUF
    BUFGCTRL_X0Y0        BUFG (Prop_bufg_I_O)         0.029     1.128 r  clk_IBUF_BUFG_inst/O
                         net (fo=1260, routed)        0.837     1.964    dmem/mem_reg_256_511_11_11/WCLK
    SLICE_X12Y49         RAMS64E                                      r  dmem/mem_reg_256_511_11_11/RAMS64E_D/CLK
                         clock pessimism             -0.244     1.720    
    SLICE_X12Y49         RAMS64E (Hold_rams64e_CLK_I)
                                                      0.144     1.864    dmem/mem_reg_256_511_11_11/RAMS64E_D
  -------------------------------------------------------------------
                         required time                         -1.864    
                         arrival time                           2.380    
  -------------------------------------------------------------------
                         slack                                  0.516    

Slack (MET) :             0.526ns  (arrival time - required time)
  Source:                 rf/regs_reg[31][0]/C
                            (rising edge-triggered cell FDPE clocked by sys_clk_pin  {rise@0.000ns fall@10.000ns period=20.000ns})
  Destination:            dmem/mem_reg_0_255_0_0/RAMS64E_B/I
                            (rising edge-triggered cell RAMS64E clocked by sys_clk_pin  {rise@0.000ns fall@10.000ns period=20.000ns})
  Path Group:             sys_clk_pin
  Path Type:              Hold (Min at Fast Process Corner)
  Requirement:            0.000ns  (sys_clk_pin rise@0.000ns - sys_clk_pin rise@0.000ns)
  Data Path Delay:        0.902ns  (logic 0.359ns (39.813%)  route 0.543ns (60.187%))
  Logic Levels:           3  (LUT6=2 MUXF7=1)
  Clock Path Skew:        0.271ns (DCD - SCD - CPR)
    Destination Clock Delay (DCD):    1.992ns
    Source Clock Delay      (SCD):    1.477ns
    Clock Pessimism Removal (CPR):    0.244ns

    Location             Delay type                Incr(ns)  Path(ns)    Netlist Resource(s)
  -------------------------------------------------------------------    -------------------
                         (clock sys_clk_pin rise edge)
                                                      0.000     0.000 r  
    W5                                                0.000     0.000 r  clk (IN)
                         net (fo=0)                   0.000     0.000    clk
    W5                   IBUF (Prop_ibuf_I_O)         0.226     0.226 r  clk_IBUF_inst/O
                         net (fo=1, routed)           0.631     0.858    clk_IBUF
    BUFGCTRL_X0Y0        BUFG (Prop_bufg_I_O)         0.026     0.884 r  clk_IBUF_BUFG_inst/O
                         net (fo=1260, routed)        0.594     1.477    rf/CLK
    SLICE_X4Y49          FDPE                                         r  rf/regs_reg[31][0]/C
  -------------------------------------------------------------------    -------------------
    SLICE_X4Y49          FDPE (Prop_fdpe_C_Q)         0.141     1.618 r  rf/regs_reg[31][0]/Q
                         net (fo=2, routed)           0.275     1.893    rf/regs_reg[31]_30[0]
    SLICE_X4Y52          LUT6 (Prop_lut6_I0_O)        0.045     1.938 r  rf/mem_reg_0_255_0_0_i_14/O
                         net (fo=2, routed)           0.000     1.938    rf/mem_reg_0_255_0_0_i_14_n_0
    SLICE_X4Y52          MUXF7 (Prop_muxf7_I1_O)      0.065     2.003 r  rf/mem_reg_0_255_0_0_i_3/O
                         net (fo=1, routed)           0.146     2.149    rf/mem_reg_0_255_0_0_i_3_n_0
    SLICE_X3Y52          LUT6 (Prop_lut6_I0_O)        0.108     2.257 r  rf/mem_reg_0_255_0_0_i_1/O
                         net (fo=8, routed)           0.122     2.379    dmem/mem_reg_0_255_0_0/D
    SLICE_X2Y51          RAMS64E                                      r  dmem/mem_reg_0_255_0_0/RAMS64E_B/I
  -------------------------------------------------------------------    -------------------

                         (clock sys_clk_pin rise edge)
                                                      0.000     0.000 r  
    W5                                                0.000     0.000 r  clk (IN)
                         net (fo=0)                   0.000     0.000    clk
    W5                   IBUF (Prop_ibuf_I_O)         0.414     0.414 r  clk_IBUF_inst/O
                         net (fo=1, routed)           0.685     1.099    clk_IBUF
    BUFGCTRL_X0Y0        BUFG (Prop_bufg_I_O)         0.029     1.128 r  clk_IBUF_BUFG_inst/O
                         net (fo=1260, routed)        0.864     1.992    dmem/mem_reg_0_255_0_0/WCLK
    SLICE_X2Y51          RAMS64E                                      r  dmem/mem_reg_0_255_0_0/RAMS64E_B/CLK
                         clock pessimism             -0.244     1.748    
    SLICE_X2Y51          RAMS64E (Hold_rams64e_CLK_I)
                                                      0.105     1.853    dmem/mem_reg_0_255_0_0/RAMS64E_B
  -------------------------------------------------------------------
                         required time                         -1.853    
                         arrival time                           2.379    
  -------------------------------------------------------------------
                         slack                                  0.526    

Slack (MET) :             0.530ns  (arrival time - required time)
  Source:                 rf/regs_reg[31][0]/C
                            (rising edge-triggered cell FDPE clocked by sys_clk_pin  {rise@0.000ns fall@10.000ns period=20.000ns})
  Destination:            dmem/mem_reg_0_255_0_0/RAMS64E_C/I
                            (rising edge-triggered cell RAMS64E clocked by sys_clk_pin  {rise@0.000ns fall@10.000ns period=20.000ns})
  Path Group:             sys_clk_pin
  Path Type:              Hold (Min at Fast Process Corner)
  Requirement:            0.000ns  (sys_clk_pin rise@0.000ns - sys_clk_pin rise@0.000ns)
  Data Path Delay:        0.902ns  (logic 0.359ns (39.813%)  route 0.543ns (60.187%))
  Logic Levels:           3  (LUT6=2 MUXF7=1)
  Clock Path Skew:        0.271ns (DCD - SCD - CPR)
    Destination Clock Delay (DCD):    1.992ns
    Source Clock Delay      (SCD):    1.477ns
    Clock Pessimism Removal (CPR):    0.244ns

    Location             Delay type                Incr(ns)  Path(ns)    Netlist Resource(s)
  -------------------------------------------------------------------    -------------------
                         (clock sys_clk_pin rise edge)
                                                      0.000     0.000 r  
    W5                                                0.000     0.000 r  clk (IN)
                         net (fo=0)                   0.000     0.000    clk
    W5                   IBUF (Prop_ibuf_I_O)         0.226     0.226 r  clk_IBUF_inst/O
                         net (fo=1, routed)           0.631     0.858    clk_IBUF
    BUFGCTRL_X0Y0        BUFG (Prop_bufg_I_O)         0.026     0.884 r  clk_IBUF_BUFG_inst/O
                         net (fo=1260, routed)        0.594     1.477    rf/CLK
    SLICE_X4Y49          FDPE                                         r  rf/regs_reg[31][0]/C
  -------------------------------------------------------------------    -------------------
    SLICE_X4Y49          FDPE (Prop_fdpe_C_Q)         0.141     1.618 r  rf/regs_reg[31][0]/Q
                         net (fo=2, routed)           0.275     1.893    rf/regs_reg[31]_30[0]
    SLICE_X4Y52          LUT6 (Prop_lut6_I0_O)        0.045     1.938 r  rf/mem_reg_0_255_0_0_i_14/O
                         net (fo=2, routed)           0.000     1.938    rf/mem_reg_0_255_0_0_i_14_n_0
    SLICE_X4Y52          MUXF7 (Prop_muxf7_I1_O)      0.065     2.003 r  rf/mem_reg_0_255_0_0_i_3/O
                         net (fo=1, routed)           0.146     2.149    rf/mem_reg_0_255_0_0_i_3_n_0
    SLICE_X3Y52          LUT6 (Prop_lut6_I0_O)        0.108     2.257 r  rf/mem_reg_0_255_0_0_i_1/O
                         net (fo=8, routed)           0.122     2.379    dmem/mem_reg_0_255_0_0/D
    SLICE_X2Y51          RAMS64E                                      r  dmem/mem_reg_0_255_0_0/RAMS64E_C/I
  -------------------------------------------------------------------    -------------------

                         (clock sys_clk_pin rise edge)
                                                      0.000     0.000 r  
    W5                                                0.000     0.000 r  clk (IN)
                         net (fo=0)                   0.000     0.000    clk
    W5                   IBUF (Prop_ibuf_I_O)         0.414     0.414 r  clk_IBUF_inst/O
                         net (fo=1, routed)           0.685     1.099    clk_IBUF
    BUFGCTRL_X0Y0        BUFG (Prop_bufg_I_O)         0.029     1.128 r  clk_IBUF_BUFG_inst/O
                         net (fo=1260, routed)        0.864     1.992    dmem/mem_reg_0_255_0_0/WCLK
    SLICE_X2Y51          RAMS64E                                      r  dmem/mem_reg_0_255_0_0/RAMS64E_C/CLK
                         clock pessimism             -0.244     1.748    
    SLICE_X2Y51          RAMS64E (Hold_rams64e_CLK_I)
                                                      0.101     1.849    dmem/mem_reg_0_255_0_0/RAMS64E_C
  -------------------------------------------------------------------
                         required time                         -1.849    
                         arrival time                           2.379    
  -------------------------------------------------------------------
                         slack                                  0.530    

Slack (MET) :             0.531ns  (arrival time - required time)
  Source:                 rf/regs_reg[31][0]/C
                            (rising edge-triggered cell FDPE clocked by sys_clk_pin  {rise@0.000ns fall@10.000ns period=20.000ns})
  Destination:            dmem/mem_reg_256_511_0_0/RAMS64E_B/I
                            (rising edge-triggered cell RAMS64E clocked by sys_clk_pin  {rise@0.000ns fall@10.000ns period=20.000ns})
  Path Group:             sys_clk_pin
  Path Type:              Hold (Min at Fast Process Corner)
  Requirement:            0.000ns  (sys_clk_pin rise@0.000ns - sys_clk_pin rise@0.000ns)
  Data Path Delay:        0.907ns  (logic 0.359ns (39.586%)  route 0.548ns (60.414%))
  Logic Levels:           3  (LUT6=2 MUXF7=1)
  Clock Path Skew:        0.271ns (DCD - SCD - CPR)
    Destination Clock Delay (DCD):    1.992ns
    Source Clock Delay      (SCD):    1.477ns
    Clock Pessimism Removal (CPR):    0.244ns

    Location             Delay type                Incr(ns)  Path(ns)    Netlist Resource(s)
  -------------------------------------------------------------------    -------------------
                         (clock sys_clk_pin rise edge)
                                                      0.000     0.000 r  
    W5                                                0.000     0.000 r  clk (IN)
                         net (fo=0)                   0.000     0.000    clk
    W5                   IBUF (Prop_ibuf_I_O)         0.226     0.226 r  clk_IBUF_inst/O
                         net (fo=1, routed)           0.631     0.858    clk_IBUF
    BUFGCTRL_X0Y0        BUFG (Prop_bufg_I_O)         0.026     0.884 r  clk_IBUF_BUFG_inst/O
                         net (fo=1260, routed)        0.594     1.477    rf/CLK
    SLICE_X4Y49          FDPE                                         r  rf/regs_reg[31][0]/C
  -------------------------------------------------------------------    -------------------
    SLICE_X4Y49          FDPE (Prop_fdpe_C_Q)         0.141     1.618 r  rf/regs_reg[31][0]/Q
                         net (fo=2, routed)           0.275     1.893    rf/regs_reg[31]_30[0]
    SLICE_X4Y52          LUT6 (Prop_lut6_I0_O)        0.045     1.938 r  rf/mem_reg_0_255_0_0_i_14/O
                         net (fo=2, routed)           0.000     1.938    rf/mem_reg_0_255_0_0_i_14_n_0
    SLICE_X4Y52          MUXF7 (Prop_muxf7_I1_O)      0.065     2.003 r  rf/mem_reg_0_255_0_0_i_3/O
                         net (fo=1, routed)           0.146     2.149    rf/mem_reg_0_255_0_0_i_3_n_0
    SLICE_X3Y52          LUT6 (Prop_lut6_I0_O)        0.108     2.257 r  rf/mem_reg_0_255_0_0_i_1/O
                         net (fo=8, routed)           0.127     2.384    dmem/mem_reg_256_511_0_0/D
    SLICE_X2Y50          RAMS64E                                      r  dmem/mem_reg_256_511_0_0/RAMS64E_B/I
  -------------------------------------------------------------------    -------------------

                         (clock sys_clk_pin rise edge)
                                                      0.000     0.000 r  
    W5                                                0.000     0.000 r  clk (IN)
                         net (fo=0)                   0.000     0.000    clk
    W5                   IBUF (Prop_ibuf_I_O)         0.414     0.414 r  clk_IBUF_inst/O
                         net (fo=1, routed)           0.685     1.099    clk_IBUF
    BUFGCTRL_X0Y0        BUFG (Prop_bufg_I_O)         0.029     1.128 r  clk_IBUF_BUFG_inst/O
                         net (fo=1260, routed)        0.864     1.992    dmem/mem_reg_256_511_0_0/WCLK
    SLICE_X2Y50          RAMS64E                                      r  dmem/mem_reg_256_511_0_0/RAMS64E_B/CLK
                         clock pessimism             -0.244     1.748    
    SLICE_X2Y50          RAMS64E (Hold_rams64e_CLK_I)
                                                      0.105     1.853    dmem/mem_reg_256_511_0_0/RAMS64E_B
  -------------------------------------------------------------------
                         required time                         -1.853    
                         arrival time                           2.384    
  -------------------------------------------------------------------
                         slack                                  0.531    





Pulse Width Checks
--------------------------------------------------------------------------------------
Clock Name:         sys_clk_pin
Waveform(ns):       { 0.000 10.000 }
Period(ns):         20.000
Sources:            { clk }

Check Type        Corner  Lib Pin      Reference Pin  Required(ns)  Actual(ns)  Slack(ns)  Location       Pin
Min Period        n/a     BUFG/I       n/a            2.155         20.000      17.845     BUFGCTRL_X0Y0  clk_IBUF_BUFG_inst/I
Min Period        n/a     FDCE/C       n/a            1.000         20.000      19.000     SLICE_X3Y64    rf/regs_reg[13][25]/C
Min Period        n/a     FDCE/C       n/a            1.000         20.000      19.000     SLICE_X15Y65   rf/regs_reg[13][26]/C
Min Period        n/a     FDCE/C       n/a            1.000         20.000      19.000     SLICE_X5Y71    rf/regs_reg[13][27]/C
Min Period        n/a     FDCE/C       n/a            1.000         20.000      19.000     SLICE_X11Y71   rf/regs_reg[13][28]/C
Min Period        n/a     FDCE/C       n/a            1.000         20.000      19.000     SLICE_X3Y64    rf/regs_reg[13][29]/C
Min Period        n/a     FDPE/C       n/a            1.000         20.000      19.000     SLICE_X3Y54    rf/regs_reg[13][2]/C
Min Period        n/a     FDCE/C       n/a            1.000         20.000      19.000     SLICE_X5Y71    rf/regs_reg[13][30]/C
Min Period        n/a     FDCE/C       n/a            1.000         20.000      19.000     SLICE_X3Y64    rf/regs_reg[13][31]/C
Min Period        n/a     FDPE/C       n/a            1.000         20.000      19.000     SLICE_X3Y54    rf/regs_reg[13][3]/C
Low Pulse Width   Fast    RAMS64E/CLK  n/a            1.250         10.000      8.750      SLICE_X10Y59   dmem/mem_reg_0_255_20_20/RAMS64E_A/CLK
Low Pulse Width   Fast    RAMS64E/CLK  n/a            1.250         10.000      8.750      SLICE_X10Y59   dmem/mem_reg_0_255_20_20/RAMS64E_B/CLK
Low Pulse Width   Fast    RAMS64E/CLK  n/a            1.250         10.000      8.750      SLICE_X10Y59   dmem/mem_reg_0_255_20_20/RAMS64E_C/CLK
Low Pulse Width   Fast    RAMS64E/CLK  n/a            1.250         10.000      8.750      SLICE_X10Y59   dmem/mem_reg_0_255_20_20/RAMS64E_D/CLK
Low Pulse Width   Fast    RAMS64E/CLK  n/a            1.250         10.000      8.750      SLICE_X14Y60   dmem/mem_reg_256_511_13_13/RAMS64E_C/CLK
Low Pulse Width   Fast    RAMS64E/CLK  n/a            1.250         10.000      8.750      SLICE_X14Y60   dmem/mem_reg_256_511_13_13/RAMS64E_D/CLK
Low Pulse Width   Fast    RAMS64E/CLK  n/a            1.250         10.000      8.750      SLICE_X10Y61   dmem/mem_reg_256_511_14_14/RAMS64E_A/CLK
Low Pulse Width   Fast    RAMS64E/CLK  n/a            1.250         10.000      8.750      SLICE_X10Y61   dmem/mem_reg_256_511_14_14/RAMS64E_B/CLK
Low Pulse Width   Fast    RAMS64E/CLK  n/a            1.250         10.000      8.750      SLICE_X10Y61   dmem/mem_reg_256_511_14_14/RAMS64E_C/CLK
Low Pulse Width   Fast    RAMS64E/CLK  n/a            1.250         10.000      8.750      SLICE_X10Y61   dmem/mem_reg_256_511_14_14/RAMS64E_D/CLK
High Pulse Width  Slow    RAMS64E/CLK  n/a            1.250         10.000      8.750      SLICE_X8Y65    dmem/mem_reg_256_511_26_26/RAMS64E_A/CLK
High Pulse Width  Slow    RAMS64E/CLK  n/a            1.250         10.000      8.750      SLICE_X8Y65    dmem/mem_reg_256_511_26_26/RAMS64E_B/CLK
High Pulse Width  Slow    RAMS64E/CLK  n/a            1.250         10.000      8.750      SLICE_X8Y65    dmem/mem_reg_256_511_26_26/RAMS64E_C/CLK
High Pulse Width  Slow    RAMS64E/CLK  n/a            1.250         10.000      8.750      SLICE_X8Y65    dmem/mem_reg_256_511_26_26/RAMS64E_D/CLK
High Pulse Width  Slow    RAMS64E/CLK  n/a            1.250         10.000      8.750      SLICE_X10Y65   dmem/mem_reg_256_511_28_28/RAMS64E_A/CLK
High Pulse Width  Slow    RAMS64E/CLK  n/a            1.250         10.000      8.750      SLICE_X10Y65   dmem/mem_reg_256_511_28_28/RAMS64E_B/CLK
High Pulse Width  Slow    RAMS64E/CLK  n/a            1.250         10.000      8.750      SLICE_X10Y65   dmem/mem_reg_256_511_28_28/RAMS64E_C/CLK
High Pulse Width  Slow    RAMS64E/CLK  n/a            1.250         10.000      8.750      SLICE_X10Y65   dmem/mem_reg_256_511_28_28/RAMS64E_D/CLK
High Pulse Width  Slow    RAMS64E/CLK  n/a            1.250         10.000      8.750      SLICE_X10Y59   dmem/mem_reg_0_255_20_20/RAMS64E_A/CLK
High Pulse Width  Slow    RAMS64E/CLK  n/a            1.250         10.000      8.750      SLICE_X10Y59   dmem/mem_reg_0_255_20_20/RAMS64E_B/CLK



